-- phpMyAdmin SQL Dump
-- version 5.2.1
-- https://www.phpmyadmin.net/
--
-- Host: 127.0.0.1
-- Generation Time: Feb 08, 2024 at 04:05 PM
-- Server version: 10.4.32-MariaDB
-- PHP Version: 8.3.2

SET SQL_MODE = "NO_AUTO_VALUE_ON_ZERO";
START TRANSACTION;
SET time_zone = "+00:00";


/*!40101 SET @OLD_CHARACTER_SET_CLIENT=@@CHARACTER_SET_CLIENT */;
/*!40101 SET @OLD_CHARACTER_SET_RESULTS=@@CHARACTER_SET_RESULTS */;
/*!40101 SET @OLD_COLLATION_CONNECTION=@@COLLATION_CONNECTION */;
/*!40101 SET NAMES utf8mb4 */;

--
-- Database: `siprak_db`
--

DELIMITER $$
--
-- Procedures
--
CREATE DEFINER=`root`@`localhost` PROCEDURE `add_asisten_with_user` (IN `p_nim` VARCHAR(10), IN `p_nama` VARCHAR(100), IN `p_email` VARCHAR(50), IN `p_password` VARCHAR(100), IN `p_role` ENUM('admin','asisten','dosen'))   BEGIN
    DECLARE v_user_id INT;

    INSERT INTO user (email, password, role) VALUES (p_email, password(p_password), p_role);
    
    SET v_user_id = LAST_INSERT_ID();

    INSERT INTO asisten (id_user, nim, email, nama) VALUES (v_user_id, p_nim, p_email, p_nama);
END$$

CREATE DEFINER=`root`@`localhost` PROCEDURE `add_dosen_with_user` (IN `p_nidn` VARCHAR(10), IN `p_nama` VARCHAR(100), IN `p_email` VARCHAR(50), IN `p_password` VARCHAR(100), IN `p_role` ENUM('admin','asisten','dosen'))   BEGIN
    DECLARE v_user_id INT;

    INSERT INTO user (email, password, role) VALUES (p_email, password(p_password), p_role);
    
    SET v_user_id = LAST_INSERT_ID();

    INSERT INTO dosen (id_user, nidn, email, nama) VALUES (v_user_id, p_nidn, p_email, p_nama);
END$$

CREATE DEFINER=`root`@`localhost` PROCEDURE `delete_asisten_with_user` (IN `p_id_user` INT)   BEGIN
	SET foreign_key_checks = 0;
    
    DELETE FROM user WHERE id_user = p_id_user;
    DELETE FROM asisten WHERE id_user = p_id_user;
    
    SET foreign_key_checks = 1;
END$$

CREATE DEFINER=`root`@`localhost` PROCEDURE `delete_dosen_with_user` (IN `p_id_user` INT)   BEGIN
	SET foreign_key_checks = 0;
    
    DELETE FROM user WHERE id_user = p_id_user;
    DELETE FROM dosen WHERE id_user = p_id_user;
    
    SET foreign_key_checks = 1;
END$$

CREATE DEFINER=`root`@`localhost` PROCEDURE `delete_laboratorium` (IN `p_id_laboratorium` INT)   BEGIN
	SET foreign_key_checks = 0;
    
    DELETE FROM laboratorium WHERE id_laboratorium = p_id_laboratorium;
    
    SET foreign_key_checks = 1;
END$$

CREATE DEFINER=`root`@`localhost` PROCEDURE `edit_asisten_with_user` (IN `p_id_user` INT, IN `p_nim` CHAR(11), IN `p_email` VARCHAR(50), IN `p_nama` VARCHAR(100))   BEGIN
	UPDATE asisten
		SET 
			nim = p_nim,
			email = p_email,
			nama = p_nama
        WHERE
			id_user = p_id_user;
	
    UPDATE user
		SET
			email = p_email
		WHERE
			id_user = p_id_user;
END$$

CREATE DEFINER=`root`@`localhost` PROCEDURE `edit_dosen_with_user` (IN `p_id_user` INT, IN `p_nidn` VARCHAR(10), IN `p_email` VARCHAR(50), IN `p_nama` VARCHAR(100))   BEGIN
	UPDATE dosen 
		SET 
			nidn = p_nidn,
			email = p_email,
			nama = p_nama
        WHERE
			id_user = p_id_user;
	
    UPDATE user
		SET
			email = p_email
		WHERE
			id_user = p_id_user;
END$$

CREATE DEFINER=`root`@`localhost` PROCEDURE `edit_laboratorium` (IN `p_id_laboratorium` INT, IN `p_nama_laboratorium` VARCHAR(100), IN `p_kapasitas` INT(5))   BEGIN
	UPDATE laboratorium
		SET 
			nama_laboratorium = p_nama_laboratorium,
			kapasitas = p_kapasitas
        WHERE
			id_laboratorium = p_id_laboratorium;
END$$

CREATE DEFINER=`root`@`localhost` PROCEDURE `proc_frek_filter_id_dosen` (IN `id_dosen_param` INT)   BEGIN
    SELECT
		frekuensi.id_frekuensi,
        frekuensi.kode_frekuensi,
        dosen.nama AS nama_dosen,
        dosen.id_dosen as id_dosen,
        asisten1.nama AS asisten1,
        asisten2.nama AS asisten2,
        laboratorium.nama_laboratorium,
        mata_kuliah.nama_matkul,
        mata_kuliah.kode_matkul,
        mata_kuliah.id_matkul,
        frekuensi.hari,
        frekuensi.jam_mulai,
        frekuensi.jam_selesai,
        frekuensi.status
    FROM
        frekuensi
    JOIN
        dosen ON frekuensi.id_dosen = dosen.id_dosen
    JOIN
        asisten AS asisten1 ON frekuensi.id_asisten1 = asisten1.id_asisten
    JOIN
        asisten AS asisten2 ON frekuensi.id_asisten2 = asisten2.id_asisten
    JOIN
        laboratorium ON frekuensi.id_laboratorium = laboratorium.id_laboratorium
    JOIN
        mata_kuliah ON frekuensi.id_matkul = mata_kuliah.id_matkul
    WHERE
        dosen.id_dosen = id_dosen_param;
END$$

CREATE DEFINER=`root`@`localhost` PROCEDURE `proc_frek_filter_id_matkul` (IN `id_matkul_param` INT)   BEGIN
    SELECT
		frekuensi.id_frekuensi,
        frekuensi.kode_frekuensi,
        dosen.nama AS nama_dosen,
        asisten1.nama AS asisten1,
        asisten2.nama AS asisten2,
        laboratorium.nama_laboratorium,
        mata_kuliah.nama_matkul,
        mata_kuliah.kode_matkul,
        mata_kuliah.id_matkul,
        frekuensi.hari,
        frekuensi.jam_mulai,
        frekuensi.jam_selesai,
        frekuensi.status
    FROM
        frekuensi
    JOIN
        dosen ON frekuensi.id_dosen = dosen.id_dosen
    JOIN
        asisten AS asisten1 ON frekuensi.id_asisten1 = asisten1.id_asisten
    JOIN
        asisten AS asisten2 ON frekuensi.id_asisten2 = asisten2.id_asisten
    JOIN
        laboratorium ON frekuensi.id_laboratorium = laboratorium.id_laboratorium
    JOIN
        mata_kuliah ON frekuensi.id_matkul = mata_kuliah.id_matkul
    WHERE
        mata_kuliah.id_matkul = id_matkul_param;
END$$

DELIMITER ;

-- --------------------------------------------------------

--
-- Table structure for table `admin`
--

CREATE TABLE `admin` (
  `id_admin` int(11) NOT NULL,
  `id_user` int(11) NOT NULL,
  `nama` varchar(100) DEFAULT NULL,
  `email` varchar(50) NOT NULL
) ENGINE=InnoDB DEFAULT CHARSET=utf8 COLLATE=utf8_general_ci;

--
-- Dumping data for table `admin`
--

INSERT INTO `admin` (`id_admin`, `id_user`, `nama`, `email`) VALUES
(1, 1, 'nama admin', 'admin@umi.ac.id');

-- --------------------------------------------------------

--
-- Table structure for table `asisten`
--

CREATE TABLE `asisten` (
  `id_asisten` int(11) NOT NULL,
  `id_user` int(11) NOT NULL,
  `nim` char(11) NOT NULL,
  `email` varchar(50) NOT NULL,
  `nama` varchar(100) DEFAULT NULL
) ENGINE=InnoDB DEFAULT CHARSET=utf8 COLLATE=utf8_general_ci;

--
-- Dumping data for table `asisten`
--

INSERT INTO `asisten` (`id_asisten`, `id_user`, `nim`, `email`, `nama`) VALUES
(1, 43, '13020210242', '13020210242@umi.ac.id', 'Nirmala'),
(2, 44, '13120210008', '13120210008@umi.ac.id', 'Muhammad Akbar'),
(3, 45, '13020210287', '13020210287@umi.ac.id', 'Athar Fathana Rakasyah'),
(4, 46, '13020210023', '13020210023@umi.ac.id', 'Annisa Pratama Putri'),
(5, 47, '13020210066', '13020210066@umi.ac.id', 'Nurul Azmi'),
(6, 48, '13020210205', '13020210205@umi.ac.id', 'Naufal Abiyyu Supriadi'),
(7, 49, '13020210134', '13020210134@umi.ac.id', 'Nasrullah'),
(8, 50, '13020210048', '13020210048@umi.ac.id', 'Ahmad Rendi'),
(9, 51, '13120210005', '13120210005@umi.ac.id', 'Furqon Fatahillah'),
(10, 52, '13020200103', '13020200103@umi.ac.id', 'Adam Adnan'),
(11, 53, '13120210004', '13120210004@umi.ac.id', 'Muhammad Dani Arya Putra'),
(12, 54, '13020200318', '13020200318@umi.ac.id', 'As\'syahrin Nanda'),
(13, 55, '13020210053', '13020210053@umi.ac.id', 'Imran Afdillah Dahlan'),
(17, 89, '1919191919', 'awalarifin_edited@umi.ac.id', 'Muh. Awal Arifin_edited'),
(18, 91, '123321123', 'example_1@umi.ac.id', 'example_1');

-- --------------------------------------------------------

--
-- Table structure for table `dosen`
--

CREATE TABLE `dosen` (
  `id_dosen` int(11) NOT NULL,
  `id_user` int(11) NOT NULL,
  `nidn` varchar(10) NOT NULL,
  `email` varchar(50) NOT NULL,
  `nama` varchar(100) DEFAULT NULL
) ENGINE=InnoDB DEFAULT CHARSET=utf8 COLLATE=utf8_general_ci;

--
-- Dumping data for table `dosen`
--

INSERT INTO `dosen` (`id_dosen`, `id_user`, `nidn`, `email`, `nama`) VALUES
(2, 4, '919027301', 'purwansyah@umi.ac.id', 'Purnawansyah, S.Kom., M.Kom.'),
(3, 5, '908089202', 'aulfah@umi.ac.id', 'A. Ulfah tenripada, S.Kom.,M.Kom.'),
(4, 6, '918109501', 'sittirahmah@umi.ac.id', 'Sitti Rahmah Jabir, S.M.,M.Sc.'),
(5, 7, '907018602', 'wistianiastuti@umi.ac.id', 'Wistiani Astuti, S.Kom.'),
(6, 8, '919018501', 'sthajrahmansyur@umi.ac.id', 'St. Hajrah Mansyur, S.Kom.,M.Cs'),
(7, 9, '922067801', 'hadrianaiddas@umi.ac.id', 'Hadriana Iddas, S.T.,M.T.'),
(8, 10, '920107601', 'muhaliyazidmude@umi.ac.id', 'Muh. Aliyazid Mude, S.Kom.,M.Kom.'),
(9, 11, '926048704', 'syahrulmubarak@umi.ac.id', 'Syahrul Mubarak Abdullah, S.Kom.,M.Kom.'),
(10, 12, '919056501', 'ramdansatra@umi.ac.id', 'Ramdan Satra, S.Kom.,M.Kom.'),
(11, 13, '911039301', 'ramdaniah@umi.ac.id', 'Ramdaniah, S.Kom.,M.T.'),
(12, 14, '906078701', 'mardiyyahhasnawi@umi.ac.id', 'Mardiyyah Hasnawi, S.Kom.,M.T.'),
(13, 15, '924069001', 'herdianti@umi.ac.id', 'Herdianti, S.Si.,M.Eng.'),
(14, 16, '908099401', 'andiwidya@umi.ac.id', 'Andi Widya Mufila Gaffar, S.T.,M.Kom.'),
(15, 17, '917068601', 'dedyatmajaya@umi.ac.id', 'Dedy Atmajaya, S.Kom.,M.Eng.'),
(16, 18, '428077401', 'drdollyindra@umi.ac.id', 'Dr. Dolly Indra, S.Kom.,MM.Si.'),
(17, 19, '922088701', 'siskaanraeni@umi.ac.id', 'Siska Anraeni, S.Kom.,M.T.'),
(18, 20, '906128504', 'erickirawadi@umi.ac.id', 'Erick Irawadi Alwi, S.Kom.,M.Eng.'),
(19, 21, '924127806', 'syamsulbahri@umi.ac.id', 'Syamsul Bahri, S.T.,M.T.'),
(20, 22, '925067803', 'rosmiyani@umi.ac.id', 'Rosmi Yani Amran, S.Kom.,M.Eng.'),
(21, 23, '2107057202', 'ihwanaasad@umi.ac.id', 'Dr. Ihwana As\'Ad, S.Ag.,M.Sc.,Ph.D.'),
(22, 24, '924049303', 'amaliahfaradibah@umi.ac.id', 'Amaliah Faradibah, S.Kom.,M.Kom.'),
(23, 25, '911098201', 'suwitopomalingo@umi.ac.id', 'Suwito Pomalingo, S.Kom.,M.Kom.'),
(24, 26, '909029203', 'muhammadarfahas@umi.ac.id', 'Muhammad Arfah Asis, S.Kom.,M.T.'),
(25, 27, '922078801', 'fitriyaniumar@umi.ac.id', 'Fitriyani Umar, S.Si.,M.Eng.'),
(26, 28, '920098801', 'huzainazis@umi.ac.id', 'Huzain Azis, S.Kom.,M.Cs.'),
(27, 29, '921018902', 'lutfibudiilmawan@umi.ac.id', 'Lutfi Budi Ilmawan, S.Kom.,M.Cs.'),
(28, 30, '931018001', 'abdulrachmanmanga@umi.ac.id', 'Abdul Rachman Manga, S.Kom.,M.T.'),
(29, 31, '922118003', 'lukmansyafie@umi.ac.id', 'Ir. Lukman Syafie, M.Si., MTA.'),
(30, 32, '910126901', 'tasrifhasanuddin@umi.ac.id', 'Tasrif Hasanuddin, S.T.,M.Cs.'),
(31, 33, '913038506', 'herman@umi.ac.id', 'Herman, S.Kom.,M.Sc.'),
(32, 34, '911098601', 'farniwatifattah@umi.ac.id', 'Farniwati Fattah, S.T.,M.T.'),
(33, 35, '915068601', 'niakurniati@umi.ac.id', 'Nia Kurniati, S.Kom.,M.Kom.'),
(34, 36, '915028503', 'irawati@umi.ac.id', 'Irawati, S.Kom.,M.T.'),
(35, 37, '906048205', 'lilisnurhayati@umi.ac.id', 'Lilis Nur Hayati, S.Kom., M.Eng.'),
(36, 38, '901019302', 'dewiwidyawati@umi.ac.id', 'Dewi Widyawati, S.Kom.,M.Kom.'),
(37, 39, '924048501', 'sugiarti@umi.ac.id', 'Sugiarti, S.Kom.,M.Kom.'),
(38, 40, '922078101', 'yulitasalim@umi.ac.id', 'Yulita Salim, S.Kom.,M.T.'),
(39, 41, '31056905', 'hjharlindal@umi.ac.id', 'Dr. Hj. Harlinda L., S.Kom.,M.M.,M.Kom'),
(40, 42, '916108403', 'poetrilokapitasari@umi.ac.id', 'Poetri Lestari Lokapitasari Belluano, S.Kom.,M.T'),
(42, 57, '3123122', 'insert_dosen_2_edit@umi.ac.id', 'insert_dosen_2_edit'),
(43, 59, '43214321', 'insert_email_3@umi.ac.id', 'insert_dosen_3'),
(44, 60, 'insert_nam', 'insert_email_dosen_4@umi.ac.id', 'insert_nama_dosen_4'),
(50, 74, 'inset_nama', 'inset_email_dosen_9@umi.ac.id', 'inset_nama_dosen_9'),
(56, 90, '123312987', 'insert_dosen_4_edited@umi.ac.id', 'insert_dosen_4_edited');

-- --------------------------------------------------------

--
-- Table structure for table `frekuensi`
--

CREATE TABLE `frekuensi` (
  `id_frekuensi` int(11) NOT NULL,
  `kode_frekuensi` varchar(20) DEFAULT NULL,
  `id_dosen` int(11) DEFAULT NULL,
  `id_asisten1` int(11) DEFAULT NULL,
  `id_asisten2` int(11) DEFAULT NULL,
  `id_laboratorium` int(11) DEFAULT NULL,
  `id_matkul` int(11) DEFAULT NULL,
  `hari` varchar(10) DEFAULT NULL,
  `jam_mulai` time DEFAULT NULL,
  `jam_selesai` time DEFAULT NULL,
  `status` enum('Belum','Selesai') DEFAULT 'Belum'
) ENGINE=InnoDB DEFAULT CHARSET=utf8 COLLATE=utf8_general_ci;

--
-- Dumping data for table `frekuensi`
--

INSERT INTO `frekuensi` (`id_frekuensi`, `kode_frekuensi`, `id_dosen`, `id_asisten1`, `id_asisten2`, `id_laboratorium`, `id_matkul`, `hari`, `jam_mulai`, `jam_selesai`, `status`) VALUES
(1, 'TI_ALPRO-1', 27, 4, 2, 1, 10, 'Kamis', '08:00:00', '10:00:00', 'Belum'),
(2, 'TI_ALPRO-2', 27, 8, 7, 2, 10, 'Kamis', '08:00:00', '10:00:00', 'Belum'),
(3, 'TI_ALPRO-3', 27, 13, 5, 1, 10, 'Kamis', '13:00:00', '15:00:00', 'Belum'),
(4, 'TI_ALPRO-4', 27, 10, 9, 2, 10, 'Kamis', '13:00:00', '15:00:00', 'Belum'),
(5, 'TI_ALPRO-5', 31, 3, 10, 1, 11, 'Senin', '10:00:00', '12:00:00', 'Belum'),
(6, 'TI_PTI-1', 28, 3, 8, 2, 12, 'Sabtu', '08:00:00', '10:00:00', 'Belum'),
(7, 'TI_PTI-2', 28, 6, 4, 1, 12, 'Sabtu', '08:00:00', '10:00:00', 'Belum'),
(8, 'TI_PTI-3', 28, 1, 6, 2, 12, 'Jumat', '10:00:00', '12:00:00', 'Belum'),
(9, 'TI_PTI-4', 29, 3, 7, 1, 12, 'Jumat', '10:00:00', '12:00:00', 'Belum'),
(10, 'TI_PTI-5', 30, 1, 7, 1, 12, 'Rabu', '08:00:00', '10:00:00', 'Belum'),
(11, 'TI_SD-1', 27, 8, 5, 3, 13, 'Senin', '16:00:00', '18:00:00', 'Belum'),
(12, 'TI_SD-2', 27, 2, 4, 4, 13, 'Senin', '16:00:00', '18:00:00', 'Belum'),
(13, 'TI_SD-3', 27, 12, 10, 3, 13, 'Rabu', '13:00:00', '15:00:00', 'Belum'),
(14, 'TI_SD-5', 32, 2, 4, 3, 13, 'Senin', '08:00:00', '10:00:00', 'Belum'),
(15, 'TI_SD-6', 32, 2, 9, 4, 13, 'Senin', '08:00:00', '10:00:00', 'Belum'),
(16, 'TI_BD2-1', 34, 3, 11, 3, 14, 'Kamis', '13:00:00', '15:00:00', 'Belum'),
(17, 'TI_BD2-2', 34, 7, 12, 4, 14, 'Kamis', '13:00:00', '15:00:00', 'Belum'),
(18, 'TI_BD2-3', 34, 4, 4, 3, 14, 'Senin', '13:00:00', '15:00:00', 'Belum'),
(19, 'TI_BD2-4', 34, 10, 1, 4, 14, 'Senin', '13:00:00', '15:00:00', 'Belum'),
(20, 'TI_BD2-5', 34, 11, 4, 3, 14, 'Kamis', '16:00:00', '18:00:00', 'Belum'),
(21, 'TI_BD2-6', 34, 7, 11, 4, 14, 'Kamis', '16:00:00', '18:00:00', 'Belum'),
(22, 'TI_MICRO-1', 35, 10, 4, 5, 15, 'Selasa', '16:00:00', '18:00:00', 'Belum'),
(23, 'TI_MICRO-2', 35, 1, 5, 6, 15, 'Selasa', '08:00:00', '10:00:00', 'Belum'),
(24, 'TI_MICRO-3', 35, 10, 8, 7, 15, 'Selasa', '10:00:00', '12:00:00', 'Belum'),
(25, 'TI_MICRO-4', 35, 8, 5, 8, 15, 'Jumat', '16:00:00', '18:00:00', 'Belum'),
(26, 'TI_MICRO-5', 35, 12, 7, 9, 15, 'Sabtu', '13:00:00', '15:00:00', 'Belum'),
(27, 'TI_MICRO-6', 35, 12, 1, 10, 15, 'Sabtu', '16:00:00', '18:00:00', 'Belum'),
(28, 'TI_MICRO-7', 36, 4, 4, 11, 15, 'Selasa', '13:00:00', '15:00:00', 'Belum'),
(29, 'SI_STI-1', 37, 6, 6, 5, 16, 'Senin', '08:00:00', '10:00:00', 'Belum'),
(30, 'SI_STI-2', 37, 11, 10, 6, 16, 'Senin', '10:00:00', '12:00:00', 'Belum'),
(31, 'SI_STI-3', 37, 5, 8, 7, 16, 'Selasa', '13:00:00', '15:00:00', 'Belum'),
(32, 'SI_STI-4', 38, 10, 4, 8, 16, 'Rabu', '08:00:00', '10:00:00', 'Belum'),
(33, 'SI_STI-5', 38, 10, 12, 9, 16, 'Rabu', '10:00:00', '12:00:00', 'Belum'),
(34, 'SI_PBO-1', 39, 7, 9, 10, 17, 'Senin', '13:00:00', '15:00:00', 'Belum'),
(35, 'SI_PBO-2', 39, 1, 1, 11, 17, 'Senin', '15:00:00', '17:00:00', 'Belum'),
(36, 'SI_PBO-3', 39, 1, 1, 12, 17, 'Selasa', '08:00:00', '10:00:00', 'Belum'),
(37, 'SI_PBO-4', 39, 2, 7, 13, 17, 'Selasa', '10:00:00', '12:00:00', 'Belum'),
(38, 'SI_PBO-5', 40, 13, 8, 14, 17, 'Rabu', '13:00:00', '15:00:00', 'Belum'),
(39, 'SI_PBO-6', 40, 11, 6, 15, 17, 'Rabu', '15:00:00', '17:00:00', 'Belum'),
(40, 'SI_PBO-7', 40, 9, 13, 16, 17, 'Kamis', '08:00:00', '10:00:00', 'Belum'),
(41, 'SI_PBO-8', 40, 12, 8, 17, 17, 'Kamis', '10:00:00', '12:00:00', 'Belum'),
(42, 'SI_PBO-9', 41, 5, 12, 18, 17, 'Jumat', '13:00:00', '15:00:00', 'Belum'),
(43, 'SI_PBO-10', 41, 9, 5, 19, 17, 'Jumat', '15:00:00', '17:00:00', 'Belum'),
(44, 'SI_PBO-11', 41, 10, 9, 20, 17, 'Sabtu', '08:00:00', '10:00:00', 'Belum'),
(45, 'SI_PBO-12', 41, 3, 10, 21, 17, 'Sabtu', '10:00:00', '12:00:00', 'Belum'),
(46, 'SI_PBD-1', 42, 5, 8, 22, 18, 'Senin', '08:00:00', '10:00:00', 'Belum'),
(47, 'SI_PBD-2', 42, 9, 9, 23, 18, 'Senin', '10:00:00', '12:00:00', 'Belum'),
(48, 'SI_PBD-3', 42, 7, 6, 24, 18, 'Selasa', '13:00:00', '15:00:00', 'Belum'),
(49, 'SI_PBD-4', 43, 7, 3, 25, 18, 'Rabu', '08:00:00', '10:00:00', 'Belum'),
(50, 'SI_PBD-5', 43, 7, 13, 26, 18, 'Rabu', '10:00:00', '12:00:00', 'Belum'),
(51, 'SI_PBD-6', 43, 5, 10, 27, 18, 'Kamis', '13:00:00', '15:00:00', 'Belum'),
(52, 'SI_PBD-7', 43, 12, 2, 28, 18, 'Jumat', '08:00:00', '10:00:00', 'Belum'),
(53, 'SI_PBD-8', 44, 11, 10, 29, 18, 'Jumat', '10:00:00', '12:00:00', 'Belum'),
(54, 'SI_PBD-9', 44, 3, 9, 30, 18, 'Sabtu', '13:00:00', '15:00:00', 'Belum'),
(55, 'SI_PBD-10', 44, 1, 13, 31, 18, 'Sabtu', '15:00:00', '17:00:00', 'Belum'),
(56, 'SI_AI-1', 45, 11, 3, 32, 19, 'Senin', '08:00:00', '10:00:00', 'Belum'),
(57, 'SI_AI-2', 45, 4, 10, 33, 19, 'Senin', '10:00:00', '12:00:00', 'Belum'),
(58, 'SI_AI-3', 45, 3, 6, 34, 19, 'Selasa', '13:00:00', '15:00:00', 'Belum'),
(59, 'SI_AI-4', 45, 11, 10, 35, 19, 'Rabu', '08:00:00', '10:00:00', 'Belum'),
(60, 'SI_AI-5', 46, 3, 8, 36, 19, 'Rabu', '10:00:00', '12:00:00', 'Belum');

-- --------------------------------------------------------

--
-- Table structure for table `kehadiran`
--

CREATE TABLE `kehadiran` (
  `id_kehadiran` int(11) NOT NULL,
  `kehadiran_1` char(1) DEFAULT NULL,
  `kehadiran_2` char(1) DEFAULT NULL,
  `kehadiran_3` char(1) DEFAULT NULL,
  `kehadiran_4` char(1) DEFAULT NULL,
  `kehadiran_5` char(1) DEFAULT NULL,
  `kehadiran_6` char(1) DEFAULT NULL,
  `kehadiran_7` char(1) DEFAULT NULL,
  `kehadiran_8` char(1) DEFAULT NULL,
  `kehadiran_9` char(1) DEFAULT NULL,
  `kehadiran_10` char(1) DEFAULT NULL
) ENGINE=InnoDB DEFAULT CHARSET=utf8 COLLATE=utf8_general_ci;

-- --------------------------------------------------------

--
-- Table structure for table `kuliah`
--

CREATE TABLE `kuliah` (
  `id_kuliah` int(11) NOT NULL,
  `id_mahasiswa` int(11) DEFAULT NULL,
  `id_dosen` int(11) DEFAULT NULL,
  `id_matkul` int(11) DEFAULT NULL,
  `kelas` varchar(3) DEFAULT NULL
) ENGINE=InnoDB DEFAULT CHARSET=utf8mb4 COLLATE=utf8mb4_general_ci;

--
-- Dumping data for table `kuliah`
--

INSERT INTO `kuliah` (`id_kuliah`, `id_mahasiswa`, `id_dosen`, `id_matkul`, `kelas`) VALUES
(1, 1, 2, 1, 'A1'),
(2, 2, 2, 1, 'A1'),
(3, 3, 2, 1, 'A1'),
(4, 4, 2, 1, 'A1'),
(5, 5, 2, 1, 'A1'),
(6, 6, 2, 1, 'A1'),
(7, 7, 2, 1, 'A1'),
(8, 8, 2, 1, 'A1'),
(9, 9, 2, 1, 'A1'),
(10, 10, 2, 1, 'A1'),
(11, 18, 2, 1, 'A2'),
(12, 19, 2, 1, 'A2'),
(13, 20, 2, 1, 'A2'),
(14, 21, 2, 1, 'A2'),
(15, 22, 2, 1, 'A2'),
(16, 23, 2, 1, 'A2'),
(17, 641, 27, 10, 'A1'),
(18, 642, 27, 10, 'A1'),
(19, 643, 27, 10, 'A1'),
(20, 644, 27, 10, 'A1'),
(21, 645, 27, 10, 'A1'),
(22, 646, 27, 10, 'A1'),
(23, 647, 27, 10, 'A1'),
(24, 648, 27, 10, 'A1'),
(25, 649, 27, 10, 'A1'),
(26, 650, 27, 10, 'A1'),
(27, 651, 27, 10, 'A1'),
(28, 652, 27, 10, 'A1'),
(29, 653, 27, 10, 'A1'),
(30, 654, 27, 10, 'A1'),
(31, 655, 27, 10, 'A1'),
(32, 656, 27, 10, 'A1'),
(33, 657, 27, 10, 'A1'),
(34, 658, 27, 10, 'A1'),
(35, 659, 27, 10, 'A1'),
(36, 660, 27, 10, 'A1'),
(37, 661, 27, 10, 'A1'),
(38, 662, 27, 10, 'A1'),
(39, 663, 27, 10, 'A1'),
(40, 664, 27, 10, 'A1'),
(41, 665, 27, 10, 'A1'),
(42, 666, 27, 10, 'A1'),
(43, 667, 27, 10, 'A2'),
(44, 668, 27, 10, 'A2'),
(45, 669, 27, 10, 'A2'),
(46, 670, 27, 10, 'A2'),
(47, 671, 27, 10, 'A2'),
(48, 672, 27, 10, 'A2'),
(49, 673, 27, 10, 'A2'),
(50, 674, 27, 10, 'A2'),
(51, 675, 27, 10, 'A2'),
(52, 676, 27, 10, 'A2'),
(53, 677, 27, 10, 'A2'),
(54, 678, 27, 10, 'A2'),
(55, 679, 27, 10, 'A2'),
(56, 680, 27, 10, 'A2'),
(57, 681, 27, 10, 'A2'),
(58, 682, 27, 10, 'A2'),
(59, 683, 27, 10, 'A2'),
(60, 684, 27, 10, 'A2'),
(61, 685, 27, 10, 'A2'),
(62, 686, 27, 10, 'A2'),
(63, 687, 27, 10, 'A2'),
(64, 688, 27, 10, 'A2'),
(65, 689, 27, 10, 'A2'),
(66, 690, 27, 10, 'A2'),
(67, 691, 27, 10, 'A2'),
(68, 692, 27, 10, 'A2'),
(69, 693, 27, 10, 'A3'),
(70, 694, 27, 10, 'A3'),
(71, 695, 27, 10, 'A3'),
(72, 696, 27, 10, 'A3'),
(73, 697, 27, 10, 'A3'),
(74, 698, 27, 10, 'A3'),
(75, 699, 27, 10, 'A3'),
(76, 700, 27, 10, 'A3'),
(77, 701, 27, 10, 'A3'),
(78, 702, 27, 10, 'A3'),
(79, 703, 27, 10, 'A3'),
(80, 704, 27, 10, 'A3'),
(81, 705, 27, 10, 'A3'),
(82, 706, 27, 10, 'A3'),
(83, 707, 27, 10, 'A3'),
(84, 708, 27, 10, 'A3'),
(85, 709, 27, 10, 'A3'),
(86, 710, 27, 10, 'A3'),
(87, 711, 27, 10, 'A3'),
(88, 712, 27, 10, 'A3'),
(89, 713, 27, 10, 'A3'),
(90, 714, 27, 10, 'A3'),
(91, 715, 27, 10, 'A3'),
(92, 716, 27, 10, 'A3'),
(94, 718, 27, 10, 'A4'),
(95, 719, 27, 10, 'A4'),
(96, 720, 27, 10, 'A4'),
(97, 721, 27, 10, 'A4'),
(98, 722, 27, 10, 'A4'),
(99, 723, 27, 10, 'A4'),
(100, 724, 27, 10, 'A4'),
(101, 725, 27, 10, 'A4'),
(102, 726, 27, 10, 'A4'),
(103, 727, 27, 10, 'A4'),
(104, 728, 27, 10, 'A4'),
(105, 729, 27, 10, 'A4'),
(106, 730, 27, 10, 'A4'),
(107, 731, 27, 10, 'A4'),
(108, 732, 27, 10, 'A4'),
(109, 733, 27, 10, 'A4'),
(110, 734, 27, 10, 'A4'),
(111, 735, 27, 10, 'A4'),
(112, 736, 27, 10, 'A4'),
(113, 737, 27, 10, 'A4'),
(114, 738, 27, 10, 'A4'),
(115, 739, 27, 10, 'A4'),
(116, 740, 27, 10, 'A4'),
(117, 741, 27, 10, 'A4'),
(118, 742, 27, 10, 'A4'),
(119, 743, 17, 10, 'A5'),
(120, 744, 17, 10, 'A5'),
(121, 745, 17, 10, 'A5'),
(122, 746, 17, 10, 'A5'),
(123, 747, 17, 10, 'A5'),
(124, 748, 17, 10, 'A5'),
(125, 749, 17, 10, 'A5'),
(126, 750, 17, 10, 'A5'),
(127, 751, 17, 10, 'A5'),
(128, 752, 17, 10, 'A5'),
(129, 753, 17, 10, 'A5'),
(130, 754, 17, 10, 'A5'),
(131, 755, 17, 10, 'A5'),
(132, 756, 17, 10, 'A5'),
(133, 757, 17, 10, 'A5'),
(134, 758, 17, 10, 'A5'),
(135, 759, 17, 10, 'A5'),
(136, 760, 17, 10, 'A5'),
(137, 761, 17, 10, 'A5'),
(138, 762, 17, 10, 'A5'),
(139, 763, 17, 10, 'A5'),
(140, 764, 17, 10, 'A5'),
(141, 765, 17, 10, 'A5'),
(142, 766, 17, 10, 'A5'),
(143, 767, 17, 10, 'A5'),
(145, 768, 17, 10, 'A6'),
(146, 769, 17, 10, 'A6'),
(147, 770, 17, 10, 'A6'),
(148, 771, 17, 10, 'A6'),
(149, 772, 17, 10, 'A6'),
(150, 773, 17, 10, 'A6'),
(151, 774, 17, 10, 'A6'),
(152, 775, 17, 10, 'A6'),
(153, 776, 17, 10, 'A6'),
(154, 777, 17, 10, 'A6'),
(155, 778, 17, 10, 'A6'),
(156, 779, 17, 10, 'A6'),
(157, 780, 17, 10, 'A6'),
(158, 781, 17, 10, 'A6'),
(159, 782, 17, 10, 'A6'),
(160, 783, 17, 10, 'A6'),
(161, 784, 17, 10, 'A6'),
(162, 785, 17, 10, 'A6'),
(163, 786, 17, 10, 'A6'),
(164, 787, 17, 10, 'A6'),
(165, 788, 17, 10, 'A6'),
(166, 789, 17, 10, 'A6'),
(167, 790, 17, 10, 'A6'),
(168, 791, 17, 10, 'A6'),
(169, 792, 17, 10, 'A6'),
(170, 793, 26, 10, 'A7'),
(171, 794, 26, 10, 'A7'),
(172, 795, 26, 10, 'A7'),
(173, 796, 26, 10, 'A7'),
(174, 797, 26, 10, 'A7'),
(175, 798, 26, 10, 'A7'),
(176, 799, 26, 10, 'A7'),
(177, 800, 26, 10, 'A7'),
(178, 801, 26, 10, 'A7'),
(179, 802, 26, 10, 'A7'),
(180, 803, 26, 10, 'A7'),
(181, 804, 26, 10, 'A7'),
(182, 805, 26, 10, 'A7'),
(183, 806, 26, 10, 'A7'),
(184, 807, 26, 10, 'A7'),
(185, 808, 26, 10, 'A7'),
(186, 809, 26, 10, 'A7'),
(187, 810, 26, 10, 'A7'),
(188, 811, 26, 10, 'A7'),
(189, 812, 26, 10, 'A7'),
(190, 813, 26, 10, 'A7'),
(191, 814, 26, 10, 'A7'),
(192, 815, 26, 10, 'A7'),
(193, 816, 26, 10, 'A7'),
(194, 817, 26, 10, 'A7'),
(195, 818, 26, 10, 'A8'),
(196, 819, 26, 10, 'A8'),
(197, 820, 26, 10, 'A8'),
(198, 821, 26, 10, 'A8'),
(199, 822, 26, 10, 'A8'),
(200, 823, 26, 10, 'A8'),
(201, 824, 26, 10, 'A8'),
(202, 825, 26, 10, 'A8'),
(203, 826, 26, 10, 'A8'),
(204, 827, 26, 10, 'A8'),
(205, 828, 26, 10, 'A8'),
(206, 829, 26, 10, 'A8'),
(207, 830, 26, 10, 'A8'),
(208, 831, 26, 10, 'A8'),
(209, 832, 26, 10, 'A8'),
(210, 833, 26, 10, 'A8'),
(211, 834, 26, 10, 'A8'),
(212, 835, 26, 10, 'A8'),
(213, 836, 26, 10, 'A8'),
(214, 837, 26, 10, 'A8'),
(215, 838, 26, 10, 'A8'),
(216, 839, 26, 10, 'A8'),
(217, 840, 26, 10, 'A8'),
(218, 841, 26, 10, 'A8'),
(219, 641, 37, 11, 'A1'),
(220, 642, 37, 11, 'A1'),
(221, 643, 37, 11, 'A1'),
(222, 644, 37, 11, 'A1'),
(223, 645, 37, 11, 'A1'),
(224, 646, 37, 11, 'A1'),
(225, 647, 37, 11, 'A1'),
(226, 648, 37, 11, 'A1'),
(227, 649, 37, 11, 'A1'),
(228, 650, 37, 11, 'A1'),
(229, 651, 37, 11, 'A1'),
(230, 652, 37, 11, 'A1'),
(231, 653, 37, 11, 'A1'),
(232, 654, 37, 11, 'A1'),
(233, 655, 37, 11, 'A1'),
(234, 656, 37, 11, 'A1'),
(235, 657, 37, 11, 'A1'),
(236, 658, 37, 11, 'A1'),
(237, 659, 37, 11, 'A1'),
(238, 660, 37, 11, 'A1'),
(239, 661, 37, 11, 'A1'),
(240, 662, 37, 11, 'A1'),
(241, 663, 37, 11, 'A1'),
(242, 664, 37, 11, 'A1'),
(243, 665, 37, 11, 'A1'),
(244, 666, 37, 11, 'A1'),
(245, 667, 37, 10, 'A2'),
(246, 669, 37, 10, 'A2'),
(247, 670, 37, 10, 'A2'),
(248, 671, 37, 10, 'A2'),
(249, 672, 37, 10, 'A2'),
(250, 673, 37, 10, 'A2'),
(251, 674, 37, 10, 'A2'),
(252, 675, 37, 10, 'A2'),
(253, 676, 37, 10, 'A2'),
(254, 677, 37, 10, 'A2'),
(255, 678, 37, 10, 'A2'),
(256, 679, 37, 10, 'A2'),
(257, 680, 37, 10, 'A2'),
(258, 681, 37, 10, 'A2'),
(259, 682, 37, 10, 'A2'),
(260, 683, 37, 10, 'A2'),
(261, 684, 37, 10, 'A2'),
(262, 685, 37, 10, 'A2'),
(263, 686, 37, 10, 'A2'),
(264, 687, 37, 10, 'A2'),
(265, 688, 37, 10, 'A2'),
(266, 689, 37, 10, 'A2'),
(267, 690, 37, 10, 'A2'),
(268, 691, 37, 10, 'A2'),
(269, 692, 37, 10, 'A2'),
(274, 743, 21, 11, 'A5'),
(275, 744, 21, 11, 'A5'),
(276, 745, 21, 11, 'A5'),
(277, 746, 21, 11, 'A5'),
(278, 747, 21, 11, 'A5'),
(279, 748, 21, 11, 'A5'),
(280, 749, 21, 11, 'A5'),
(281, 750, 21, 11, 'A5'),
(282, 751, 21, 11, 'A5'),
(283, 752, 21, 11, 'A5'),
(284, 753, 21, 11, 'A5'),
(285, 754, 21, 11, 'A5'),
(286, 755, 21, 11, 'A5'),
(287, 756, 21, 11, 'A5'),
(288, 757, 21, 11, 'A5'),
(289, 758, 21, 11, 'A5'),
(290, 759, 21, 11, 'A5'),
(291, 760, 21, 11, 'A5'),
(292, 761, 21, 11, 'A5'),
(293, 762, 21, 11, 'A5'),
(294, 763, 21, 11, 'A5'),
(295, 764, 21, 11, 'A5'),
(296, 765, 21, 11, 'A5'),
(297, 766, 21, 11, 'A5'),
(298, 767, 21, 11, 'A5'),
(299, 768, 21, 11, 'A6'),
(300, 769, 21, 11, 'A6'),
(301, 770, 21, 11, 'A6'),
(302, 771, 21, 11, 'A6'),
(303, 772, 21, 11, 'A6'),
(304, 773, 21, 11, 'A6'),
(305, 774, 21, 11, 'A6'),
(306, 775, 21, 11, 'A6'),
(307, 776, 21, 11, 'A6'),
(308, 777, 21, 11, 'A6'),
(309, 778, 21, 11, 'A6'),
(310, 779, 21, 11, 'A6'),
(311, 780, 21, 11, 'A6'),
(312, 781, 21, 11, 'A6'),
(313, 782, 21, 11, 'A6'),
(314, 783, 21, 11, 'A6'),
(315, 784, 21, 11, 'A6'),
(316, 785, 21, 11, 'A6'),
(317, 786, 21, 11, 'A6'),
(318, 787, 21, 11, 'A6'),
(319, 788, 21, 11, 'A6'),
(320, 789, 21, 11, 'A6'),
(321, 790, 21, 11, 'A6'),
(322, 791, 21, 11, 'A6'),
(323, 792, 21, 11, 'A6'),
(324, 290, 27, 12, 'A1'),
(325, 291, 27, 12, 'A1'),
(326, 292, 27, 12, 'A1'),
(327, 293, 27, 12, 'A1'),
(328, 294, 27, 12, 'A1'),
(329, 295, 27, 12, 'A1'),
(330, 296, 27, 12, 'A1'),
(331, 297, 27, 12, 'A1'),
(332, 298, 27, 12, 'A1'),
(333, 299, 27, 12, 'A1'),
(334, 300, 27, 12, 'A1'),
(335, 301, 27, 12, 'A1'),
(336, 302, 27, 12, 'A1'),
(337, 303, 27, 12, 'A1'),
(338, 304, 27, 12, 'A1'),
(339, 305, 27, 12, 'A1'),
(340, 306, 27, 12, 'A1'),
(341, 307, 27, 12, 'A1'),
(342, 308, 27, 12, 'A1'),
(343, 309, 27, 12, 'A1'),
(344, 310, 27, 12, 'A1'),
(345, 311, 27, 12, 'A1'),
(346, 312, 27, 12, 'A1'),
(347, 313, 27, 12, 'A2'),
(348, 314, 27, 12, 'A2'),
(349, 315, 27, 12, 'A2'),
(350, 316, 27, 12, 'A2'),
(351, 317, 27, 12, 'A2'),
(352, 318, 27, 12, 'A2'),
(353, 319, 27, 12, 'A2'),
(354, 320, 27, 12, 'A2'),
(355, 321, 27, 12, 'A2'),
(356, 322, 27, 12, 'A2'),
(357, 323, 27, 12, 'A2'),
(358, 324, 27, 12, 'A2'),
(359, 325, 27, 12, 'A2'),
(360, 326, 27, 12, 'A2'),
(361, 327, 27, 12, 'A2'),
(362, 328, 27, 12, 'A2'),
(363, 329, 27, 12, 'A2'),
(364, 330, 27, 12, 'A2'),
(365, 331, 27, 12, 'A2'),
(366, 332, 27, 12, 'A2'),
(367, 333, 27, 12, 'A2'),
(368, 334, 27, 12, 'A2'),
(369, 335, 27, 12, 'A2'),
(370, 336, 27, 12, 'A2'),
(371, 423, 22, 12, 'A7'),
(372, 424, 22, 12, 'A7'),
(373, 425, 22, 12, 'A7'),
(374, 426, 22, 12, 'A7'),
(375, 427, 22, 12, 'A7'),
(376, 428, 22, 12, 'A7'),
(377, 429, 22, 12, 'A7'),
(378, 430, 22, 12, 'A7'),
(379, 431, 22, 12, 'A7'),
(380, 432, 22, 12, 'A7'),
(381, 433, 22, 12, 'A7'),
(382, 434, 22, 12, 'A7'),
(383, 435, 22, 12, 'A7'),
(384, 436, 22, 12, 'A7'),
(385, 437, 22, 12, 'A7'),
(386, 438, 22, 12, 'A7'),
(387, 439, 22, 12, 'A7'),
(388, 440, 22, 12, 'A7'),
(389, 441, 22, 12, 'A7'),
(390, 442, 22, 12, 'A7'),
(391, 443, 22, 12, 'A7'),
(392, 444, 22, 12, 'A7'),
(393, 445, 22, 12, 'A8'),
(394, 446, 22, 12, 'A8'),
(395, 447, 22, 12, 'A8'),
(396, 448, 22, 12, 'A8'),
(397, 449, 22, 12, 'A8'),
(398, 450, 22, 12, 'A8'),
(399, 451, 22, 12, 'A8'),
(400, 452, 22, 12, 'A8'),
(401, 453, 22, 12, 'A8'),
(402, 454, 22, 12, 'A8'),
(403, 455, 22, 12, 'A8'),
(404, 456, 22, 12, 'A8'),
(405, 457, 22, 12, 'A8'),
(406, 458, 22, 12, 'A8'),
(407, 459, 22, 12, 'A8'),
(408, 460, 22, 12, 'A8'),
(409, 461, 22, 12, 'A8'),
(410, 462, 22, 12, 'A8'),
(411, 463, 22, 12, 'A8'),
(412, 464, 22, 12, 'A8'),
(413, 465, 22, 12, 'A8'),
(414, 466, 11, 12, 'A9'),
(415, 467, 11, 12, 'A9'),
(416, 468, 11, 12, 'A9'),
(417, 469, 11, 12, 'A9'),
(418, 470, 11, 12, 'A9'),
(419, 471, 11, 12, 'A9'),
(420, 472, 11, 12, 'A9'),
(421, 473, 11, 12, 'A9'),
(422, 474, 11, 12, 'A9'),
(423, 475, 11, 12, 'A9'),
(424, 476, 11, 12, 'A9'),
(425, 477, 11, 12, 'A9'),
(426, 478, 11, 12, 'A9'),
(427, 479, 11, 12, 'A9'),
(428, 480, 11, 12, 'A9'),
(429, 481, 11, 12, 'A9'),
(430, 482, 11, 12, 'A9'),
(431, 483, 11, 12, 'A9'),
(432, 484, 11, 12, 'A9'),
(433, 485, 11, 12, 'A9'),
(434, 486, 11, 12, 'A9'),
(435, 487, 11, 12, 'A9'),
(436, 488, 11, 12, 'A9'),
(437, 489, 11, 12, 'B1'),
(438, 490, 11, 12, 'B1'),
(439, 491, 11, 12, 'B1'),
(440, 492, 11, 12, 'B1'),
(441, 493, 11, 12, 'B1'),
(442, 494, 11, 12, 'B1'),
(443, 495, 11, 12, 'B1'),
(444, 496, 11, 12, 'B1'),
(445, 497, 11, 12, 'B1'),
(446, 498, 11, 12, 'B1'),
(447, 499, 11, 12, 'B1'),
(448, 500, 11, 12, 'B1'),
(449, 501, 11, 12, 'B1'),
(450, 502, 11, 12, 'B1'),
(451, 503, 11, 12, 'B1'),
(452, 504, 11, 12, 'B1'),
(453, 505, 11, 12, 'B1'),
(454, 506, 11, 12, 'B1'),
(455, 507, 11, 12, 'B1'),
(456, 508, 11, 12, 'B1'),
(457, 509, 11, 12, 'B1'),
(458, 510, 11, 12, 'B1'),
(459, 511, 11, 12, 'B1'),
(460, 512, 11, 12, 'B1'),
(461, 513, 11, 12, 'B1'),
(462, 514, 11, 12, 'B1'),
(463, 515, 11, 12, 'B1'),
(464, 516, 11, 12, 'B1'),
(465, 517, 11, 12, 'B2'),
(466, 518, 11, 12, 'B2'),
(467, 519, 11, 12, 'B2'),
(468, 520, 11, 12, 'B2'),
(469, 521, 11, 12, 'B2'),
(470, 522, 11, 12, 'B2'),
(471, 523, 11, 12, 'B2'),
(472, 524, 11, 12, 'B2'),
(473, 525, 11, 12, 'B2'),
(474, 526, 11, 12, 'B2'),
(475, 527, 11, 12, 'B2'),
(476, 528, 11, 12, 'B2'),
(477, 529, 11, 12, 'B2'),
(478, 530, 11, 12, 'B2'),
(479, 531, 11, 12, 'B2'),
(480, 532, 11, 12, 'B2'),
(481, 533, 11, 12, 'B2'),
(482, 534, 11, 12, 'B2'),
(483, 535, 11, 12, 'B2'),
(484, 536, 11, 12, 'B2'),
(485, 537, 11, 12, 'B2'),
(486, 538, 11, 12, 'B2'),
(487, 539, 11, 12, 'B2'),
(488, 540, 11, 12, 'B2'),
(489, 541, 11, 12, 'B3'),
(490, 542, 11, 12, 'B3'),
(491, 543, 11, 12, 'B3'),
(492, 544, 11, 12, 'B3'),
(493, 545, 11, 12, 'B3'),
(494, 546, 11, 12, 'B3'),
(495, 547, 11, 12, 'B3'),
(496, 548, 11, 12, 'B3'),
(497, 549, 11, 12, 'B3'),
(498, 550, 11, 12, 'B3'),
(499, 551, 11, 12, 'B3'),
(500, 552, 11, 12, 'B3'),
(501, 553, 11, 12, 'B3'),
(502, 554, 11, 12, 'B3'),
(503, 555, 11, 12, 'B3'),
(504, 556, 11, 12, 'B3'),
(505, 557, 11, 12, 'B3'),
(506, 558, 11, 12, 'B3'),
(507, 559, 11, 12, 'B3'),
(508, 560, 11, 12, 'B3'),
(509, 561, 11, 12, 'B3'),
(510, 562, 11, 12, 'B3'),
(511, 563, 11, 12, 'B3'),
(512, 564, 11, 12, 'B3'),
(513, 565, 11, 13, 'B4'),
(514, 566, 11, 13, 'B4'),
(515, 567, 11, 13, 'B4'),
(516, 568, 11, 13, 'B4'),
(517, 569, 11, 13, 'B4'),
(518, 570, 11, 13, 'B4'),
(519, 571, 11, 13, 'B4'),
(520, 572, 11, 13, 'B4'),
(521, 573, 11, 13, 'B4'),
(522, 574, 11, 13, 'B4'),
(523, 575, 11, 13, 'B4'),
(524, 576, 11, 13, 'B4'),
(525, 577, 11, 13, 'B4'),
(526, 578, 11, 13, 'B4'),
(527, 579, 11, 13, 'B4'),
(528, 580, 11, 13, 'B4'),
(529, 581, 11, 13, 'B4'),
(530, 582, 11, 13, 'B4'),
(531, 583, 11, 13, 'B4'),
(532, 584, 11, 13, 'B4'),
(533, 585, 11, 13, 'B4'),
(534, 586, 11, 13, 'B4'),
(535, 587, 11, 13, 'B4'),
(536, 588, 11, 13, 'B4'),
(537, 589, 11, 13, 'B4'),
(539, 291, 22, 13, 'A1'),
(540, 292, 22, 13, 'A1'),
(541, 293, 22, 13, 'A1'),
(542, 294, 22, 13, 'A1'),
(543, 295, 22, 13, 'A1'),
(544, 296, 22, 13, 'A1'),
(545, 297, 22, 13, 'A1'),
(546, 298, 22, 13, 'A1'),
(547, 299, 22, 13, 'A1'),
(548, 300, 22, 13, 'A1'),
(549, 301, 22, 13, 'A1'),
(550, 304, 22, 13, 'A1'),
(551, 306, 22, 13, 'A1'),
(552, 307, 22, 13, 'A1'),
(553, 308, 22, 13, 'A1'),
(554, 309, 22, 13, 'A1'),
(555, 310, 22, 13, 'A1'),
(556, 311, 22, 13, 'A1'),
(557, 312, 22, 13, 'A1'),
(558, 667, 22, 13, 'A2'),
(559, 313, 22, 13, 'A2'),
(560, 314, 22, 13, 'A2'),
(561, 315, 22, 13, 'A2'),
(562, 316, 22, 13, 'A2'),
(563, 317, 22, 13, 'A2'),
(564, 318, 22, 13, 'A2'),
(565, 319, 22, 13, 'A2'),
(566, 320, 22, 13, 'A2'),
(567, 321, 22, 13, 'A2'),
(568, 322, 22, 13, 'A2'),
(569, 323, 22, 13, 'A2'),
(570, 324, 22, 13, 'A2'),
(571, 325, 22, 13, 'A2'),
(572, 326, 22, 13, 'A2'),
(573, 327, 22, 13, 'A2'),
(574, 328, 22, 13, 'A2'),
(575, 329, 22, 13, 'A2'),
(576, 330, 22, 13, 'A2'),
(577, 331, 22, 13, 'A2'),
(578, 332, 22, 13, 'A2'),
(579, 333, 22, 13, 'A2'),
(580, 334, 22, 13, 'A2'),
(581, 335, 22, 13, 'A2'),
(582, 336, 22, 13, 'A2'),
(583, 337, 22, 13, 'A3'),
(584, 338, 22, 13, 'A3'),
(585, 339, 22, 13, 'A3'),
(586, 340, 22, 13, 'A3'),
(587, 341, 22, 13, 'A3'),
(588, 342, 22, 13, 'A3'),
(589, 343, 22, 13, 'A3'),
(590, 344, 22, 13, 'A3'),
(591, 345, 22, 13, 'A3'),
(592, 346, 22, 13, 'A3'),
(593, 347, 22, 13, 'A3'),
(594, 693, 22, 13, 'A3'),
(595, 348, 22, 13, 'A3'),
(596, 349, 22, 13, 'A3'),
(597, 350, 22, 13, 'A3'),
(598, 351, 22, 13, 'A3'),
(599, 352, 22, 13, 'A3'),
(600, 353, 22, 13, 'A3'),
(601, 354, 22, 13, 'A3'),
(602, 355, 22, 13, 'A3'),
(603, 356, 22, 13, 'A3'),
(604, 357, 22, 13, 'A3'),
(605, 358, 22, 13, 'A3'),
(606, 99, 22, 12, 'A4'),
(607, 359, 22, 12, 'A4'),
(608, 360, 22, 12, 'A4'),
(609, 361, 22, 12, 'A4'),
(610, 362, 22, 12, 'A4'),
(611, 363, 22, 12, 'A4'),
(612, 364, 22, 12, 'A4'),
(613, 365, 22, 12, 'A4'),
(614, 366, 22, 12, 'A4'),
(615, 367, 22, 12, 'A4'),
(616, 368, 22, 12, 'A4'),
(617, 369, 22, 12, 'A4'),
(618, 370, 22, 12, 'A4'),
(619, 371, 22, 12, 'A4'),
(620, 372, 22, 12, 'A4'),
(621, 373, 22, 12, 'A4'),
(622, 374, 22, 12, 'A4'),
(623, 375, 22, 12, 'A4'),
(624, 376, 22, 12, 'A4'),
(625, 377, 22, 12, 'A4'),
(626, 423, 3, 13, 'A7'),
(627, 424, 3, 13, 'A7'),
(628, 425, 3, 13, 'A7'),
(629, 426, 3, 13, 'A7'),
(630, 427, 3, 13, 'A7'),
(631, 428, 3, 13, 'A7'),
(632, 429, 3, 13, 'A7'),
(633, 430, 3, 13, 'A7'),
(634, 431, 3, 13, 'A7'),
(635, 432, 3, 13, 'A7'),
(636, 433, 3, 13, 'A7'),
(637, 434, 3, 13, 'A7'),
(638, 435, 3, 13, 'A7'),
(639, 436, 3, 13, 'A7'),
(640, 437, 3, 13, 'A7'),
(641, 438, 3, 13, 'A7'),
(642, 439, 3, 13, 'A7'),
(643, 440, 3, 13, 'A7'),
(644, 441, 3, 13, 'A7'),
(645, 442, 3, 13, 'A7'),
(646, 443, 3, 13, 'A7'),
(647, 444, 3, 13, 'A7'),
(649, 445, 3, 13, 'A8'),
(651, 446, 3, 13, 'A8'),
(652, 447, 3, 13, 'A8'),
(653, 448, 3, 13, 'A8'),
(654, 449, 3, 13, 'A8'),
(655, 450, 3, 13, 'A8'),
(656, 451, 3, 13, 'A8'),
(657, 452, 3, 13, 'A8'),
(658, 453, 3, 13, 'A8'),
(659, 454, 3, 13, 'A8'),
(660, 455, 3, 13, 'A8'),
(661, 456, 3, 13, 'A8'),
(662, 457, 3, 13, 'A8'),
(663, 458, 3, 13, 'A8'),
(664, 459, 3, 13, 'A8'),
(665, 460, 3, 13, 'A8'),
(666, 461, 3, 13, 'A8'),
(667, 462, 3, 13, 'A8'),
(668, 463, 3, 13, 'A8'),
(669, 464, 3, 13, 'A8'),
(670, 465, 3, 13, 'A8'),
(671, 466, 31, 13, ''),
(672, 467, 31, 13, ''),
(673, 468, 31, 13, ''),
(674, 469, 31, 13, ''),
(675, 470, 31, 13, ''),
(676, 471, 31, 13, ''),
(677, 472, 31, 13, ''),
(678, 473, 31, 13, ''),
(679, 474, 31, 13, ''),
(680, 475, 31, 13, ''),
(681, 476, 31, 13, ''),
(682, 477, 31, 13, ''),
(683, 478, 31, 13, ''),
(684, 479, 31, 13, ''),
(685, 480, 31, 13, ''),
(686, 481, 31, 13, ''),
(687, 482, 31, 13, ''),
(688, 483, 31, 13, ''),
(689, 484, 31, 13, ''),
(691, 485, 31, 13, ''),
(692, 486, 31, 13, ''),
(693, 487, 31, 13, ''),
(694, 488, 31, 13, ''),
(696, 489, 15, 13, 'B1'),
(697, 490, 15, 13, 'B1'),
(698, 491, 15, 13, 'B1'),
(699, 492, 15, 13, 'B1'),
(700, 493, 15, 13, 'B1'),
(701, 494, 15, 13, 'B1'),
(702, 495, 15, 13, 'B1'),
(703, 496, 15, 13, 'B1'),
(704, 497, 15, 13, 'B1'),
(705, 498, 15, 13, 'B1'),
(706, 499, 15, 13, 'B1'),
(707, 500, 15, 13, 'B1'),
(708, 501, 15, 13, 'B1'),
(709, 502, 15, 13, 'B1'),
(710, 503, 15, 13, 'B1'),
(711, 504, 15, 13, 'B1'),
(712, 505, 15, 13, 'B1'),
(713, 506, 15, 13, 'B1'),
(714, 507, 15, 13, 'B1'),
(715, 508, 15, 13, 'B1'),
(716, 509, 15, 13, 'B1'),
(717, 510, 15, 13, 'B1'),
(718, 511, 15, 13, 'B1'),
(719, 512, 15, 13, 'B1'),
(720, 513, 15, 13, 'B1'),
(721, 517, 15, 13, 'B2'),
(722, 518, 15, 13, 'B2'),
(723, 519, 15, 13, 'B2'),
(724, 520, 15, 13, 'B2'),
(725, 521, 15, 13, 'B2'),
(726, 522, 15, 13, 'B2'),
(727, 523, 15, 13, 'B2'),
(728, 524, 15, 13, 'B2'),
(729, 525, 15, 13, 'B2'),
(730, 526, 15, 13, 'B2'),
(731, 527, 15, 13, 'B2'),
(732, 528, 15, 13, 'B2'),
(733, 529, 15, 13, 'B2'),
(734, 530, 15, 13, 'B2'),
(735, 531, 15, 13, 'B2'),
(736, 532, 15, 13, 'B2'),
(737, 533, 15, 13, 'B2'),
(738, 534, 15, 13, 'B2'),
(739, 535, 15, 13, 'B2'),
(740, 536, 15, 13, 'B2'),
(741, 537, 15, 13, 'B2'),
(742, 538, 15, 13, 'B2'),
(743, 539, 15, 13, 'B2'),
(780, 1, 24, 14, 'A1'),
(781, 2, 24, 14, 'A1'),
(782, 3, 24, 14, 'A1'),
(783, 4, 24, 14, 'A1'),
(784, 5, 24, 14, 'A1'),
(785, 6, 24, 14, 'A1'),
(786, 7, 24, 14, 'A1'),
(787, 8, 24, 14, 'A1'),
(788, 9, 24, 14, 'A1'),
(789, 10, 24, 14, 'A1'),
(790, 11, 24, 14, 'A1'),
(791, 12, 24, 14, 'A1'),
(792, 13, 24, 14, 'A1'),
(793, 14, 24, 14, 'A1'),
(794, 15, 24, 14, 'A1'),
(795, 16, 24, 14, 'A1'),
(796, 17, 24, 14, 'A1'),
(797, 18, 24, 14, 'A1'),
(798, 19, 24, 14, 'A1'),
(799, 20, 24, 14, 'A1'),
(800, 21, 24, 14, 'A1'),
(801, 22, 24, 14, 'A1'),
(802, 23, 24, 14, 'A1'),
(803, 1, 24, 14, 'A2'),
(804, 2, 24, 14, 'A2'),
(805, 3, 24, 14, 'A2'),
(806, 4, 24, 14, 'A2'),
(807, 5, 24, 14, 'A2'),
(808, 6, 24, 14, 'A2'),
(809, 7, 24, 14, 'A2'),
(810, 8, 24, 14, 'A2'),
(811, 9, 24, 14, 'A2'),
(812, 10, 24, 14, 'A2'),
(813, 11, 24, 14, 'A2'),
(814, 12, 24, 14, 'A2'),
(815, 13, 24, 14, 'A2'),
(816, 14, 24, 14, 'A2'),
(817, 15, 24, 14, 'A2'),
(818, 16, 24, 14, 'A2'),
(819, 17, 24, 14, 'A2'),
(820, 18, 24, 14, 'A2'),
(821, 19, 24, 14, 'A2'),
(822, 20, 24, 14, 'A2'),
(823, 21, 24, 14, 'A2'),
(824, 22, 24, 14, 'A2'),
(825, 23, 24, 14, 'A2'),
(826, 47, 24, 14, 'A2'),
(827, 48, 24, 14, 'A2'),
(828, 49, 24, 14, 'A2'),
(829, 50, 24, 14, 'A2'),
(830, 51, 24, 14, 'A2'),
(831, 52, 24, 14, 'A2'),
(832, 53, 24, 14, 'A2'),
(833, 54, 24, 14, 'A2'),
(834, 55, 24, 14, 'A2'),
(835, 56, 24, 14, 'A2'),
(836, 57, 24, 14, 'A2'),
(837, 58, 24, 14, 'A2'),
(838, 59, 24, 14, 'A2'),
(839, 60, 24, 14, 'A2'),
(840, 61, 24, 14, 'A2'),
(841, 62, 24, 14, 'A2'),
(842, 63, 24, 14, 'A2'),
(843, 64, 24, 14, 'A2'),
(844, 65, 24, 14, 'A2'),
(845, 66, 24, 14, 'A3'),
(846, 67, 24, 14, 'A3'),
(847, 68, 24, 14, 'A3'),
(848, 69, 24, 14, 'A3'),
(849, 70, 24, 14, 'A3'),
(850, 71, 24, 14, 'A3'),
(851, 72, 24, 14, 'A3'),
(852, 73, 24, 14, 'A3'),
(853, 74, 24, 14, 'A3'),
(854, 75, 24, 14, 'A3'),
(855, 76, 24, 14, 'A3'),
(856, 77, 24, 14, 'A3'),
(857, 78, 24, 14, 'A3'),
(858, 79, 24, 14, 'A3'),
(859, 80, 24, 14, 'A3'),
(860, 81, 24, 14, 'A3'),
(861, 82, 24, 14, 'A3'),
(862, 83, 24, 14, 'A3'),
(863, 84, 24, 14, 'A3'),
(864, 85, 24, 14, 'A3'),
(865, 86, 24, 14, 'A3'),
(866, 87, 24, 14, 'A3'),
(867, 88, 24, 14, 'A3'),
(868, 89, 24, 14, 'A3'),
(869, 137, 14, 14, 'A5'),
(870, 138, 14, 14, 'A5'),
(871, 139, 14, 14, 'A5'),
(872, 140, 14, 14, 'A5'),
(873, 141, 14, 14, 'A5'),
(874, 142, 14, 14, 'A5'),
(875, 143, 14, 14, 'A5'),
(876, 144, 14, 14, 'A5'),
(877, 145, 14, 14, 'A5'),
(878, 146, 14, 14, 'A5'),
(879, 147, 14, 14, 'A5'),
(880, 148, 14, 14, 'A5'),
(881, 149, 14, 14, 'A5'),
(882, 150, 14, 14, 'A5'),
(883, 151, 14, 14, 'A5'),
(884, 152, 14, 14, 'A5'),
(885, 153, 14, 14, 'A5'),
(886, 154, 14, 14, 'A5'),
(887, 155, 14, 14, 'A5'),
(888, 156, 14, 14, 'A5'),
(889, 157, 14, 14, 'A5'),
(890, 158, 14, 14, 'A5'),
(891, 159, 14, 14, 'A5'),
(892, 160, 14, 14, 'A5'),
(893, 161, 14, 14, 'A6'),
(894, 162, 14, 14, 'A6'),
(895, 163, 14, 14, 'A6'),
(896, 164, 14, 14, 'A6'),
(897, 165, 14, 14, 'A6'),
(898, 166, 14, 14, 'A6'),
(899, 167, 14, 14, 'A6'),
(900, 168, 14, 14, 'A6'),
(901, 169, 14, 14, 'A6'),
(902, 170, 14, 14, 'A6'),
(903, 171, 14, 14, 'A6'),
(904, 172, 14, 14, 'A6'),
(905, 173, 14, 14, 'A6'),
(906, 174, 14, 14, 'A6'),
(907, 175, 14, 14, 'A6'),
(908, 176, 14, 14, 'A6'),
(909, 177, 14, 14, 'A6'),
(910, 178, 14, 14, 'A6'),
(911, 179, 14, 14, 'A6'),
(912, 180, 14, 14, 'A6'),
(913, 181, 14, 14, 'A6'),
(914, 182, 14, 14, 'A6'),
(915, 183, 14, 14, 'A6'),
(916, 184, 14, 14, 'A6'),
(917, 185, 14, 14, 'B1'),
(918, 186, 14, 14, 'B1'),
(919, 187, 14, 14, 'B1'),
(920, 188, 14, 14, 'B1'),
(921, 189, 14, 14, 'B1'),
(922, 190, 14, 14, 'B1'),
(923, 191, 14, 14, 'B1'),
(924, 192, 14, 14, 'B1'),
(925, 193, 14, 14, 'B1'),
(926, 194, 14, 14, 'B1'),
(927, 195, 14, 14, 'B1'),
(928, 196, 14, 14, 'B1'),
(929, 197, 14, 14, 'B1'),
(930, 198, 14, 14, 'B1'),
(931, 199, 14, 14, 'B1'),
(932, 200, 14, 14, 'B1'),
(933, 201, 14, 14, 'B1'),
(934, 202, 14, 14, 'B1'),
(935, 203, 14, 14, 'B1'),
(936, 204, 14, 14, 'B1'),
(937, 205, 14, 14, 'B1'),
(938, 206, 14, 14, 'B1'),
(939, 207, 14, 14, 'B1'),
(940, 208, 14, 14, 'B1'),
(941, 209, 14, 14, 'B2'),
(942, 210, 14, 14, 'B2'),
(943, 211, 14, 14, 'B2'),
(944, 212, 14, 14, 'B2'),
(945, 213, 14, 14, 'B2'),
(946, 214, 14, 14, 'B2'),
(947, 215, 14, 14, 'B2'),
(948, 216, 14, 14, 'B2'),
(949, 217, 14, 14, 'B2'),
(950, 218, 14, 14, 'B2'),
(951, 219, 14, 14, 'B2'),
(952, 220, 14, 14, 'B2'),
(953, 221, 14, 14, 'B2'),
(954, 222, 14, 14, 'B2'),
(955, 223, 14, 14, 'B2'),
(956, 224, 14, 14, 'B2'),
(957, 225, 14, 14, 'B2'),
(958, 226, 14, 14, 'B2'),
(959, 227, 14, 14, 'B2'),
(960, 228, 14, 14, 'B2'),
(961, 229, 14, 14, 'B2'),
(962, 230, 14, 14, 'B2'),
(963, 231, 14, 14, 'B2'),
(964, 232, 14, 14, 'B2'),
(979, 541, 14, 14, 'B3');

-- --------------------------------------------------------

--
-- Table structure for table `laboratorium`
--

CREATE TABLE `laboratorium` (
  `id_laboratorium` int(11) NOT NULL,
  `nama_laboratorium` varchar(100) DEFAULT NULL,
  `kapasitas` int(5) DEFAULT NULL
) ENGINE=InnoDB DEFAULT CHARSET=utf8 COLLATE=utf8_general_ci;

--
-- Dumping data for table `laboratorium`
--

INSERT INTO `laboratorium` (`id_laboratorium`, `nama_laboratorium`, `kapasitas`) VALUES
(1, 'Multimedia', 30),
(2, 'Internet of Things', 24),
(3, 'Startup', 35),
(4, 'Data Science', 25),
(5, 'Computer Vision', 25),
(6, 'Microcontroller', 25),
(7, 'Computer Network', 15),
(12, 'Lab 1_edited', 50),
(13, 'Lab 2', 20),
(14, 'Lab 3_edited', 12);

-- --------------------------------------------------------

--
-- Table structure for table `mahasiswa`
--

CREATE TABLE `mahasiswa` (
  `id_mahasiswa` int(11) NOT NULL,
  `nim` char(11) NOT NULL,
  `nama` varchar(100) DEFAULT NULL,
  `kelas` varchar(3) DEFAULT NULL,
  `jurusan` varchar(20) DEFAULT NULL
) ENGINE=InnoDB DEFAULT CHARSET=utf8 COLLATE=utf8_general_ci;

--
-- Dumping data for table `mahasiswa`
--

INSERT INTO `mahasiswa` (`id_mahasiswa`, `nim`, `nama`, `kelas`, `jurusan`) VALUES
(1, '13020210002', 'MUHAMMAD RAYHAN', 'A1', 'Teknik Informatika'),
(2, '13020210006', 'L.M. AL MURSALAT JAMAL', 'A1', 'Teknik Informatika'),
(3, '13020210010', 'ANDI RANRENG SOMBENG', 'A1', 'Teknik Informatika'),
(4, '13020210013', 'RACHMAN SAPUTRA', 'A1', 'Teknik Informatika'),
(5, '13020210014', 'FIRDAUS', 'A1', 'Teknik Informatika'),
(6, '13020210018', 'AFIAN FEBRIANTO', 'A1', 'Teknik Informatika'),
(7, '13020210020', 'MUHAMMAD FARHAN ASEGAF', 'A1', 'Teknik Informatika'),
(8, '13020210027', 'NURFAHMI HARDIANSYAH', 'A1', 'Teknik Informatika'),
(9, '13020210031', 'MUH. MUFLIH ANUGRAH M', 'A1', 'Teknik Informatika'),
(10, '13020210032', 'ALIF SAFA MOLEO', 'A1', 'Teknik Informatika'),
(11, '13020210036', 'MUHAMMAD ALAMSYAH', 'A1', 'Teknik Informatika'),
(12, '13020210045', 'MUH FARDHAN', 'A1', 'Teknik Informatika'),
(13, '13020210046', 'FADJRI SUHENDRA', 'A1', 'Teknik Informatika'),
(14, '13020210047', 'M.FARHAN AMANSYAH', 'A1', 'Teknik Informatika'),
(15, '13020210048', 'AHMAD RENDI', 'A1', 'Teknik Informatika'),
(16, '13020210053', 'IMRAN AFDILLAH', 'A1', 'Teknik Informatika'),
(17, '13020210134', 'NASRULLAH', 'A1', 'Teknik Informatika'),
(18, '13020180019', 'SYAHRUL BONE', 'C2', 'Teknik Informatika'),
(19, '13020180032', 'WAHYU HIDAYAT RAMADHAN', 'C2', 'Teknik Informatika'),
(20, '13020180043', 'AGIL PRASETYA A. RAZAK', 'C2', 'Teknik Informatika'),
(21, '13020190343', 'MUH FIRMAN ABD RAHMAN', 'C2', 'Teknik Informatika'),
(22, '13020190383', 'AUDREY PUTRA TANIA', 'C2', 'Teknik Informatika'),
(23, '13020190397', 'MUH. RESKI NUR HIDAYAT', 'C2', 'Teknik Informatika'),
(24, '13020210049', 'MUH. FACHRUL ISLAM', 'A1', 'Teknik Informatika'),
(25, '13020210052', 'AHMAD ZAKY', 'A1', 'Teknik Informatika'),
(26, '13020210055', 'RIZALDI SYAFA SAPUTRA', 'A1', 'Teknik Informatika'),
(27, '13020210056', 'ICHSAN REYZAPUTRA MOKODOMPIT', 'A1', 'Teknik Informatika'),
(28, '13020210057', 'WAJDI PRATAMA YUNUS', 'A1', 'Teknik Informatika'),
(29, '13020210058', 'ANDREYAN FRISTIOHADI FIRMAN', 'A1', 'Teknik Informatika'),
(30, '13020210122', 'DZUL FIKRI YUNUS', 'A1', 'Teknik Informatika'),
(31, '13020210124', 'CAKRA BIMANTARA', 'A1', 'Teknik Informatika'),
(32, '13020210129', 'MUHAMMAD ALIF AKBAR', 'A1', 'Teknik Informatika'),
(33, '13020210135', 'FERRY AHMAD SULAEMAN', 'A1', 'Teknik Informatika'),
(34, '13020210136', 'ARDY DWI PUTRA', 'A1', 'Teknik Informatika'),
(35, '13020210138', 'ILHAM', 'A1', 'Teknik Informatika'),
(36, '13020210146', 'MUH.FHATUR', 'A1', 'Teknik Informatika'),
(37, '13020230361', 'MUHAMMAD RAFLI', 'A1', 'Teknik Informatika'),
(38, '13020210062', 'HABIBURRAHMAN', 'A2', 'Teknik Informatika'),
(39, '13020210063', 'MUHAMMAD FAHRURRAZI', 'A2', 'Teknik Informatika'),
(40, '13020210068', 'LA ODE MUH. YANWAR ANUGRAH JULIADIN', 'A2', 'Teknik Informatika'),
(41, '13020210070', 'AL HILALUDDIN', 'A2', 'Teknik Informatika'),
(42, '13020210072', 'CAESAR OQTHAVIANTO', 'A2', 'Teknik Informatika'),
(43, '13020210073', 'M. LUTHFI', 'A2', 'Teknik Informatika'),
(44, '13020210076', 'MATLAIL FAJAR', 'A2', 'Teknik Informatika'),
(45, '13020210078', 'MUH. FAHRIZAL IKBAL', 'A2', 'Teknik Informatika'),
(46, '13020210079', 'ASRI', 'A2', 'Teknik Informatika'),
(47, '13020210081', 'ANDI ICHSAN MUHAMMAD AL-FATIH', 'A2', 'Teknik Informatika'),
(48, '13020210082', 'MUHAMMAD RAIHAN RESA', 'A2', 'Teknik Informatika'),
(49, '13020210083', 'JUANDRIS MELLOLO', 'A2', 'Teknik Informatika'),
(50, '13020210086', 'IKHWAN TAUFIK', 'A2', 'Teknik Informatika'),
(51, '13020210087', 'LA ODE MUHAMMAD NUR', 'A2', 'Teknik Informatika'),
(52, '13020210096', 'AHMAD MUFLIH', 'A2', 'Teknik Informatika'),
(53, '13020210098', 'MUHAMMAD YUSUF', 'A2', 'Teknik Informatika'),
(54, '13020210101', 'FAHRUL ALIF', 'A2', 'Teknik Informatika'),
(55, '13020210102', 'MUH IHZAN', 'A2', 'Teknik Informatika'),
(56, '13020210103', 'TEGAR NUR WIBOWO', 'A2', 'Teknik Informatika'),
(57, '13020210104', 'A. MUH. RAHMATULLAH A. FATHUDDIN', 'A2', 'Teknik Informatika'),
(58, '13020210106', 'ABDI RABBIL IZZAH', 'A2', 'Teknik Informatika'),
(59, '13020210107', 'MUH IQMAL', 'A2', 'Teknik Informatika'),
(60, '13020210108', 'ANDI ADITYA WARMAN FACHRAN TALAN', 'A2', 'Teknik Informatika'),
(61, '13020210109', 'M.FIQRY SEPTIAWAN', 'A2', 'Teknik Informatika'),
(62, '13020210115', 'ABDUL SALAM RUSLI', 'A2', 'Teknik Informatika'),
(63, '13020210116', 'MUH.AQSA HARISA', 'A2', 'Teknik Informatika'),
(64, '13020210117', 'ANDI APRYAN MALLARANGEN', 'A2', 'Teknik Informatika'),
(65, '13020210151', 'SUPRIADI', 'A2', 'Teknik Informatika'),
(66, '13020190208', 'FAKHRI MUBARAK', 'A3', 'Teknik Informatika'),
(67, '13020210009', 'MUH. ASKAN TRI ANUGRAH SUMAJA', 'A3', 'Teknik Informatika'),
(68, '13020210011', 'SYAHRUL ARISMAN', 'A3', 'Teknik Informatika'),
(69, '13020210024', 'MUHAMMAD RAFLY IDIL', 'A3', 'Teknik Informatika'),
(70, '13020210030', 'FAUZY FATHRURAHMAN', 'A3', 'Teknik Informatika'),
(71, '13020210034', 'TAWAKKAL', 'A3', 'Teknik Informatika'),
(72, '13020210041', 'FIRMAN', 'A3', 'Teknik Informatika'),
(73, '13020210044', 'MUHAMMAD YUSUF', 'A3', 'Teknik Informatika'),
(74, '13020210051', 'AHMAD AKRAM', 'A3', 'Teknik Informatika'),
(75, '13020210089', 'HAMSYA MANSYUR', 'A3', 'Teknik Informatika'),
(76, '13020210092', 'SYAHRUL FAISAL', 'A3', 'Teknik Informatika'),
(77, '13020210095', 'ABZAR', 'A3', 'Teknik Informatika'),
(78, '13020210119', 'AHMAD AZHARIL', 'A3', 'Teknik Informatika'),
(79, '13020210123', 'MOHAMAD FAJAR AGUNG', 'A3', 'Teknik Informatika'),
(80, '13020210131', 'MUH FADLAN RISQULLAH DWITAMA N', 'A3', 'Teknik Informatika'),
(81, '13020210149', 'ABDUL WAHID YASRUN LAURU', 'A3', 'Teknik Informatika'),
(82, '13020210150', 'DAVID SANTOSO', 'A3', 'Teknik Informatika'),
(83, '13020210153', 'FAHRIANSYAH', 'A3', 'Teknik Informatika'),
(84, '13020210154', 'YUSRIL AKMAL NUR', 'A3', 'Teknik Informatika'),
(85, '13020210156', 'ALIF RISANDI SALEH', 'A3', 'Teknik Informatika'),
(86, '13020210157', 'ANJAS ANSARI ASHAR', 'A3', 'Teknik Informatika'),
(87, '13020210159', 'SURADI', 'A3', 'Teknik Informatika'),
(88, '13020210161', 'MUHAMMAD RIFQY', 'A3', 'Teknik Informatika'),
(89, '13020210163', 'AHMAD FADEL', 'A3', 'Teknik Informatika'),
(90, '13020210165', 'ANUGERAH RAMADHAN', 'A3', 'Teknik Informatika'),
(91, '13020210166', 'ANDI KEYSHA AHMAD TARAWU', 'A3', 'Teknik Informatika'),
(92, '13020210173', 'ANDI LUTHFIANSAH', 'A3', 'Teknik Informatika'),
(93, '13020210176', 'RANDI LIMIN', 'A3', 'Teknik Informatika'),
(94, '13020210177', 'MUHAMMAD AFDHAL MUBARAK', 'A3', 'Teknik Informatika'),
(95, '13020210178', 'MUHAMMAD AFRIZAL AHMAD', 'A3', 'Teknik Informatika'),
(96, '13020210179', 'ANDIKA AGUNG PRATAMA', 'A3', 'Teknik Informatika'),
(97, '13020210235', 'LA ODE IKRAMUDDIN SAMAD', 'A3', 'Teknik Informatika'),
(98, '13020210287', 'ATHAR FATHANA RAKASYAH', 'A3', 'Teknik Informatika'),
(99, '13020190175', 'AFRI YUSRIFAL', 'A4', 'Teknik Informatika'),
(100, '13020210141', 'FADHIL NASYWAN', 'A4', 'Teknik Informatika'),
(101, '13020210167', 'M. AFRIZAL GHIFARY B. RADJA', 'A4', 'Teknik Informatika'),
(102, '13020210168', 'MUHAMMAD ILHAM', 'A4', 'Teknik Informatika'),
(103, '13020210169', 'MUHAMMAD FARHAN', 'A4', 'Teknik Informatika'),
(104, '13020210171', 'MUHAMMAD WIRA FERDIANSYAH LIAMBO', 'A4', 'Teknik Informatika'),
(105, '13020210172', 'MUH ANDIKA FIKRUL HAQ', 'A4', 'Teknik Informatika'),
(106, '13020210181', 'MUH. RAHMAT HIDAYAT ARMAN', 'A4', 'Teknik Informatika'),
(107, '13020210182', 'MUH REZKY PASULOI', 'A4', 'Teknik Informatika'),
(108, '13020210186', 'MUHAMAD RAUL SABARA', 'A4', 'Teknik Informatika'),
(109, '13020210187', 'RERI PERDANA PUTRA', 'A4', 'Teknik Informatika'),
(110, '13020210188', 'MUHAMMAD ASWAR FIRMANSYAH', 'A4', 'Teknik Informatika'),
(111, '13020210189', 'ILHAM HIDAYAT', 'A4', 'Teknik Informatika'),
(112, '13020210191', 'MUH. YUSRIANDI', 'A4', 'Teknik Informatika'),
(113, '13020210205', 'NAUFAL ABIYYU SUPRIADI', 'A4', 'Teknik Informatika'),
(114, '13020210193', 'MUHAMMAD AFDAL ADIGUNA', 'A4', 'Teknik Informatika'),
(115, '13020210196', 'FATHUR RAHMAN', 'A4', 'Teknik Informatika'),
(116, '13020210198', 'FARHAN TRI HANIF', 'A4', 'Teknik Informatika'),
(117, '13020210199', 'SAIFUL JIHAD', 'A4', 'Teknik Informatika'),
(118, '13020210200', 'ANDI MUHAMMAD ALFIAN. S', 'A4', 'Teknik Informatika'),
(119, '13020210202', 'ANDI MUHAMMAD RASUL REJEKI', 'A4', 'Teknik Informatika'),
(120, '13020210204', 'FAHRUDIN RAZIKI', 'A4', 'Teknik Informatika'),
(121, '13020210206', 'HERRY KUSWANTO S', 'A4', 'Teknik Informatika'),
(122, '13020210207', 'MUHAMMAD FAHMI RAIHAN AS', 'A4', 'Teknik Informatika'),
(123, '13020210208', 'TIYAN ADE HARIANTO', 'A4', 'Teknik Informatika'),
(124, '13020210209', 'MUH. FADHIL ATTARIQ HASRIL', 'A4', 'Teknik Informatika'),
(125, '13020210210', 'FIRMAN AKBAR', 'A4', 'Teknik Informatika'),
(126, '13020210211', 'MUH. FATHIR BASIR', 'A4', 'Teknik Informatika'),
(127, '13020210212', 'MUHAMMAD ANDRIANTO', 'A4', 'Teknik Informatika'),
(128, '13020210214', 'MUH. ZULHAIDAR WAHYUDI', 'A4', 'Teknik Informatika'),
(129, '13020210216', 'SAHRUR RAMADHAN', 'A4', 'Teknik Informatika'),
(130, '13020210279', 'MUHAMMAD ARFAH ISWANIAH', 'A4', 'Teknik Informatika'),
(131, '13020210035', 'FITRY ANTYESTI ILYAS', 'D1', 'Teknik Informatika'),
(132, '13020210137', 'WAHYU RAHAYU', 'D1', 'Teknik Informatika'),
(133, '13020210215', 'MUH. SYAHRUL RAMDHANI', 'D1', 'Teknik Informatika'),
(134, '13020210310', 'SUBAIRMAN', 'D1', 'Teknik Informatika'),
(135, '13020220144', 'MUHAMMAD LUQMAN MAJZUL', 'C2', 'Teknik Informatika'),
(136, '13020200060', 'ZULNAJIB', 'C2', 'Teknik Informatika'),
(137, '13020210218', 'MUHAMMAD MA\'RUF FARRAS', 'A5', 'Teknik Informatika'),
(138, '13020210219', 'GUNTUR SARIRA', 'A5', 'Teknik Informatika'),
(139, '13020210220', 'THARIQUR-RAHMAN', 'A5', 'Teknik Informatika'),
(140, '13020210221', 'FAUZIAN', 'A5', 'Teknik Informatika'),
(141, '13020210222', 'ASRAN', 'A5', 'Teknik Informatika'),
(142, '13020210223', 'RIEZQHY RAMADHAN PUTRA RRASYAD', 'A5', 'Teknik Informatika'),
(143, '13020210224', 'M.FAHMI FEBRIAN', 'A5', 'Teknik Informatika'),
(144, '13020210227', 'ACHMAD ROIHAN', 'A5', 'Teknik Informatika'),
(145, '13020210228', 'MUHAMMAD ILHAM BACHTIAR', 'A5', 'Teknik Informatika'),
(146, '13020210229', 'FITO ARDIANSYAH', 'A5', 'Teknik Informatika'),
(147, '13020210232', 'AL MUALIF NURUL TAQWA', 'A5', 'Teknik Informatika'),
(148, '13020210233', 'MUHAMMAD FADHURRAHMAN', 'A5', 'Teknik Informatika'),
(149, '13020210234', 'GADING', 'A5', 'Teknik Informatika'),
(150, '13020210248', 'MUHAMMAD FAJRIN', 'A5', 'Teknik Informatika'),
(151, '13020210252', 'ARIL GUNAWAN', 'A5', 'Teknik Informatika'),
(152, '13020210254', 'ZULKIFLI', 'A5', 'Teknik Informatika'),
(153, '13020210255', 'ARMIND MAULDI KURNIAWAN', 'A5', 'Teknik Informatika'),
(154, '13020210258', 'MUCH. HAERUL AKBAR', 'A5', 'Teknik Informatika'),
(155, '13020210259', 'MUH. FADEL ABDILLAH', 'A5', 'Teknik Informatika'),
(156, '13020210260', 'AIDIL FARIADHAIN ASDAR', 'A5', 'Teknik Informatika'),
(157, '13020210262', 'DIMAS TEZHAR ARDANA', 'A5', 'Teknik Informatika'),
(158, '13020210265', 'MUH CHAERUL ANWAR', 'A5', 'Teknik Informatika'),
(159, '13020210266', 'FATHURRAHMAN PUTRA SYAH', 'A5', 'Teknik Informatika'),
(160, '13020210269', 'NASRULLAH AHMAD', 'A5', 'Teknik Informatika'),
(161, '13020210282', 'RAINANDA DARYA SAPUTRA', 'A5', 'Teknik Informatika'),
(162, '13020210185', 'MASRUN MANCARI', 'A6', 'Teknik Informatika'),
(163, '13020210272', 'ILHAM ARIANDI', 'A6', 'Teknik Informatika'),
(164, '13020210274', 'USAMAH RHACAC ZAMAR', 'A6', 'Teknik Informatika'),
(165, '13020210277', 'MUHAMMAD NUR FADHIL MA\'AWI', 'A6', 'Teknik Informatika'),
(166, '13020210280', 'MUH RIFQI ZULKIFLI', 'A6', 'Teknik Informatika'),
(167, '13020210285', 'AHMAD FADLY', 'A6', 'Teknik Informatika'),
(168, '13020210286', 'FITRAH YUSTI RANDANA', 'A6', 'Teknik Informatika'),
(169, '13020210289', 'MUH. ICHWAN ARDI ARIF', 'A6', 'Teknik Informatika'),
(170, '13020210291', 'ANDI GILANG RAMADHAN', 'A6', 'Teknik Informatika'),
(171, '13020210294', 'A. MUH. FUAD DZIKRULKHAIR', 'A6', 'Teknik Informatika'),
(172, '13020210295', 'SAHLAN HAMSAH', 'A6', 'Teknik Informatika'),
(173, '13020210300', 'MUHAMMAD FARHAN HERMANSYAH', 'A6', 'Teknik Informatika'),
(174, '13020210303', 'ZULFIKAR', 'A6', 'Teknik Informatika'),
(175, '13020210304', 'AMALUDDIN', 'A6', 'Teknik Informatika'),
(176, '13020210306', 'MUHAMMAD SIDIK DAMING', 'A6', 'Teknik Informatika'),
(177, '13020210308', 'ARUN SAMUDRA ALFATIHA', 'A6', 'Teknik Informatika'),
(178, '13020210190', 'PUTRI ELSA MUSATI. M', 'B3', 'Teknik Informatika'),
(179, '13020210192', 'KARTIKA', 'B3', 'Teknik Informatika'),
(180, '13020210195', 'MARIANI', 'B3', 'Teknik Informatika'),
(181, '13020210197', 'NURHIDAYAH MANSYUR', 'B3', 'Teknik Informatika'),
(182, '13020210201', 'TAZKIYAH RIDHA WALLA', 'B3', 'Teknik Informatika'),
(183, '13020210203', 'FADIYAH SALSABILA ABDULLAH', 'B3', 'Teknik Informatika'),
(184, '13020210226', 'PUTRI ADELIA ADRIANTO S', 'B3', 'Teknik Informatika'),
(185, '13020210001', 'DIAH NUR ASTANTI', 'B1', 'Teknik Informatika'),
(186, '13020210003', 'PUTRI NADIA SUDARTOMO', 'B1', 'Teknik Informatika'),
(187, '13020210004', 'AISYAH SAFIRA RACHMAN', 'B1', 'Teknik Informatika'),
(188, '13020210008', 'RIKA RAMANDA', 'B1', 'Teknik Informatika'),
(189, '13020210012', 'INDAH NIRWANA', 'B1', 'Teknik Informatika'),
(190, '13020210015', 'REGINA PRIMADYA', 'B1', 'Teknik Informatika'),
(191, '13020210016', 'A. NUR ALIYYAH', 'B1', 'Teknik Informatika'),
(192, '13020210017', 'ARIFAH LAILATUL ISTHI\'ANAH', 'B1', 'Teknik Informatika'),
(193, '13020210019', 'SELVI HIDAYAH JOHAN', 'B1', 'Teknik Informatika'),
(194, '13020210021', 'DWI ADININGSIH', 'B1', 'Teknik Informatika'),
(195, '13020210022', 'SHELOMITA MARJAN', 'B1', 'Teknik Informatika'),
(196, '13020210023', 'ANNISA PRATAMA PUTRI', 'B1', 'Teknik Informatika'),
(197, '13020210025', 'SUKMAWATI', 'B1', 'Teknik Informatika'),
(198, '13020210026', 'IDA MAWADDAH NUR', 'B1', 'Teknik Informatika'),
(199, '13020210028', 'HASLINA', 'B1', 'Teknik Informatika'),
(200, '13020210029', 'ANDI MUAFFIVATUL FIQRA', 'B1', 'Teknik Informatika'),
(201, '13020210033', 'JAMILA ULFIAH', 'B1', 'Teknik Informatika'),
(202, '13020210037', 'IIT AL ARWAIHTI', 'B1', 'Teknik Informatika'),
(203, '13020210040', 'NURMILA SARI R. USIA', 'B1', 'Teknik Informatika'),
(204, '13020210042', 'NUR ANISYA RAMADANI', 'B1', 'Teknik Informatika'),
(205, '13020210043', 'NAURAH ATHAYAH AR', 'B1', 'Teknik Informatika'),
(206, '13020210050', 'MIFTAHUL JANNAH', 'B1', 'Teknik Informatika'),
(207, '13020210066', 'NURUL AZMI', 'B1', 'Teknik Informatika'),
(208, '13020210084', 'ANDI AINUN FATIMAH JAMAL', 'B1', 'Teknik Informatika'),
(209, '13020210054', 'RIFDAH SALSABILA', 'B1', 'Teknik Informatika'),
(210, '13020210060', 'ATSILAH RIFQAH WARDANI', 'B1', 'Teknik Informatika'),
(211, '13020210067', 'YAYANG NURAVIN NABILAH', 'B1', 'Teknik Informatika'),
(212, '13020210069', 'ANDI FIRDA JANUARTI', 'B1', 'Teknik Informatika'),
(213, '13020210071', 'BS. FEBRIAYU FADHLIKAYANI. MS', 'B1', 'Teknik Informatika'),
(214, '13020210077', 'PUTRI MAULIDNI', 'B1', 'Teknik Informatika'),
(215, '13020210080', 'SARAH TASYA AULIA', 'B1', 'Teknik Informatika'),
(216, '13020210038', 'PUAN TIARA S. MASULILI', 'B1', 'Teknik Informatika'),
(217, '13020210088', 'RIANY REZEQY UTAMIE', 'B2', 'Teknik Informatika'),
(218, '13020210090', 'AZIZAH AWALIYAH R WENGANG', 'B2', 'Teknik Informatika'),
(219, '13020210091', 'TITIN SUTIANA', 'B2', 'Teknik Informatika'),
(220, '13020210093', 'RAHMA PUSPITASARI', 'B2', 'Teknik Informatika'),
(221, '13020210094', 'JUITA MANDASARI', 'B2', 'Teknik Informatika'),
(222, '13020210097', 'UMI ZUNNURAIN', 'B2', 'Teknik Informatika'),
(223, '13020210105', 'NAIYAH NIRWANA K. JABIR ALI', 'B2', 'Teknik Informatika'),
(224, '13020210114', 'EKHA OCTAVIANY MUKHTAR', 'B2', 'Teknik Informatika'),
(225, '13020210118', 'SAVIRA RAHMADANI FS', 'B2', 'Teknik Informatika'),
(226, '13020210121', 'ST. NADYA KURNIA PRIHANDANI', 'B2', 'Teknik Informatika'),
(227, '13020210125', 'NADA KAYATRI ODE', 'B2', 'Teknik Informatika'),
(228, '13020210126', 'NURAZIZA YUNUS', 'B2', 'Teknik Informatika'),
(229, '13020210127', 'NADYA NABILA WAHYUPUTRI', 'B2', 'Teknik Informatika'),
(230, '13020210128', 'SITI LUTFIAH AGUS', 'B2', 'Teknik Informatika'),
(231, '13020210130', 'VARA DILLA', 'B2', 'Teknik Informatika'),
(232, '13020210132', 'RIRIN ASTIANI', 'B2', 'Teknik Informatika'),
(233, '13020210133', 'FIFIAN', 'B2', 'Teknik Informatika'),
(234, '13020210139', 'NURUL FAISAH', 'B2', 'Teknik Informatika'),
(235, '13020210140', 'ALIFAH NURUL ANANDA', 'B2', 'Teknik Informatika'),
(236, '13020210143', 'BERLIAN SEPTIANI', 'B2', 'Teknik Informatika'),
(237, '13020210144', 'WA ODE NURAINI SARI BICI', 'B2', 'Teknik Informatika'),
(238, '13020210145', 'FAUDIAH ANWAR', 'B2', 'Teknik Informatika'),
(239, '13020210147', 'MELANIE ANTHIKAH USRIFAN', 'B2', 'Teknik Informatika'),
(240, '13020210152', 'SOFIA AMANDA', 'B2', 'Teknik Informatika'),
(241, '13020210160', 'EKA MULIYANA', 'B2', 'Teknik Informatika'),
(242, '13020210162', 'SANTI', 'B2', 'Teknik Informatika'),
(243, '13020210164', 'TENRI SA\'NAH', 'B2', 'Teknik Informatika'),
(244, '13020210170', 'ANDI CHUSNUL IDZAH', 'B2', 'Teknik Informatika'),
(245, '13020210175', 'YULIANA NGGOHELE', 'B2', 'Teknik Informatika'),
(246, '13020210180', 'WA ODE RATNA ADININGSIH', 'B2', 'Teknik Informatika'),
(247, '13020210183', 'NUR AZZA FADILLAH', 'B2', 'Teknik Informatika'),
(248, '13020220318', 'FIFI OLIFIA', 'B2', 'Teknik Informatika'),
(249, '13020210242', 'NIRMALA', 'B3', 'Teknik Informatika'),
(250, '13120200027', 'ALVIKRI RESKYANSAH', 'A1', 'Sistem Informasi'),
(251, '13120210001', 'MUHAMMAD AFDHAL MUHERTA', 'A1', 'Sistem Informasi'),
(252, '13120210002', 'RAKIL AGUANSYAH', 'A1', 'Sistem Informasi'),
(253, '13120210004', 'MUHAMMAD DANI ARYA PUTRA', 'A1', 'Sistem Informasi'),
(254, '13120210005', 'FURQON FATAHILLAH', 'A1', 'Sistem Informasi'),
(255, '13120210008', 'MUHAMMAD AKBAR', 'A1', 'Sistem Informasi'),
(256, '13120210010', 'LA ODE MUH. NURHIKMAWAN', 'A1', 'Sistem Informasi'),
(257, '13120210012', 'GIBRAN RIZALDI', 'A1', 'Sistem Informasi'),
(258, '13120210013', 'KHAIRUL YAMLEAN', 'A1', 'Sistem Informasi'),
(259, '13120210014', 'MUH. DINUL. M', 'A1', 'Sistem Informasi'),
(260, '13120210017', 'MUHAMMAD VHADEL ANUGERA', 'A1', 'Sistem Informasi'),
(261, '13120210018', 'ANDI MUHAMMAD ARULYANSYACH', 'A1', 'Sistem Informasi'),
(262, '13120210020', 'AHMAD FAUZAN', 'A1', 'Sistem Informasi'),
(263, '13120210022', 'GAGAS RESTU AJI', 'A1', 'Sistem Informasi'),
(264, '13120210023', 'JUMADIL AWAL', 'A1', 'Sistem Informasi'),
(265, '13120210024', 'M. TAUFIQ SUGIANTO', 'A1', 'Sistem Informasi'),
(266, '13120210029', 'FAUZAN YAHYA', 'A1', 'Sistem Informasi'),
(267, '13120210032', 'MUHAMMAD SYAWAL AMIRULLAH', 'A1', 'Sistem Informasi'),
(268, '13120210034', 'MUHAMMAD JIHAD PRATAMA SUMAILA', 'A1', 'Sistem Informasi'),
(269, '13120210035', 'MUH. FAIZ ALFARIZY', 'A1', 'Sistem Informasi'),
(270, '13120210042', 'MUHAMMAD THORIQ FATH PRATAMA', 'A1', 'Sistem Informasi'),
(271, '13120210043', 'MUH. FAUZAN HAJRI T', 'A1', 'Sistem Informasi'),
(272, '13120210045', 'MUH. RAIHAN ALIF MULIAWAN', 'A1', 'Sistem Informasi'),
(273, '13120230057', 'CANDRA ALBERTION', 'A1', 'Sistem Informasi'),
(274, '13120210003', 'PUTRI FARHANA FARIDO', 'B1', 'Sistem Informasi'),
(275, '13120210006', 'EZRA FAHRANI', 'B1', 'Sistem Informasi'),
(276, '13120210007', 'RIZKY ANISA MUTIARA', 'B1', 'Sistem Informasi'),
(277, '13120210009', 'RISMA', 'B1', 'Sistem Informasi'),
(278, '13120210011', 'NURHALISA', 'B1', 'Sistem Informasi'),
(279, '13120210015', 'NUR AZIZAH YUSUF', 'B1', 'Sistem Informasi'),
(280, '13120210016', 'ANDI AIS MELANY MARCHELYNA', 'B1', 'Sistem Informasi'),
(281, '13120210021', 'INCE AYU NELLY NILAWATI RISFAL', 'B1', 'Sistem Informasi'),
(282, '13120210027', 'FATIMAH SYUKUR', 'B1', 'Sistem Informasi'),
(283, '13120210028', 'SYARLA ALIFIA ZYAKARIA', 'B1', 'Sistem Informasi'),
(284, '13120210030', 'DESY INDRI LUTHFIA ANDY', 'B1', 'Sistem Informasi'),
(285, '13120210031', 'PUTRI AAN SAGITA', 'B1', 'Sistem Informasi'),
(286, '13120210033', 'TRI HAJAR HAMZAH', 'B1', 'Sistem Informasi'),
(287, '13120210037', 'DIAN PERTIWI MASNITA', 'B1', 'Sistem Informasi'),
(288, '13120210038', 'ELLA NADYA RUMADAUL', 'B1', 'Sistem Informasi'),
(289, '13120210046', 'ILMI ZADAH SULTHAN', 'B1', 'Sistem Informasi'),
(290, '13020210061', 'AHMAD ALTHAF ATHALLAH', 'A1', 'Teknik Informatika'),
(291, '13020220004', 'MUHAMMAD KHALID ABDILLAH', 'A1', 'Teknik Informatika'),
(292, '13020220005', 'TIZAR FITRAH ANUGERAH', 'A1', 'Teknik Informatika'),
(293, '13020220006', 'ADE REZA ANUGRAH', 'A1', 'Teknik Informatika'),
(294, '13020220007', 'ACHMAD ZULFIKAR', 'A1', 'Teknik Informatika'),
(295, '13020220009', 'ANDIKA PRATAMA', 'A1', 'Teknik Informatika'),
(296, '13020220010', 'EDO RANOV ANJASMARA', 'A1', 'Teknik Informatika'),
(297, '13020220014', 'RAIHAN APRIANSYAH', 'A1', 'Teknik Informatika'),
(298, '13020220015', 'MUHAMMAD ANDI SYAIFULLAH', 'A1', 'Teknik Informatika'),
(299, '13020220017', 'MUHAMMAD ZULFIKRI RENHORAN', 'A1', 'Teknik Informatika'),
(300, '13020220022', 'NARENDRA AWANGGA', 'A1', 'Teknik Informatika'),
(301, '13020220023', 'M. AKBAR AMIRUDDIN', 'A1', 'Teknik Informatika'),
(302, '13020220026', 'MUHAMMAD FAJRUL FALAH AS', 'A1', 'Teknik Informatika'),
(303, '13020220030', 'MUHAMMAD RIFQI AMANULLAH', 'A1', 'Teknik Informatika'),
(304, '13020220032', 'MUHAMMAD DIRGA JUANG IKHSAN', 'A1', 'Teknik Informatika'),
(305, '13020220035', 'MUH. AKHSAN FARID NURDIN', 'A1', 'Teknik Informatika'),
(306, '13020220039', 'NIFAL', 'A1', 'Teknik Informatika'),
(307, '13020220040', 'MUH. KENNY MIFTAHUL KHAIR.AK', 'A1', 'Teknik Informatika'),
(308, '13020220041', 'MUH ILHAM NUR HIDAYAT AKBAR', 'A1', 'Teknik Informatika'),
(309, '13020220042', 'MUH.ALIF SINGGIH AKSARI', 'A1', 'Teknik Informatika'),
(310, '13020220043', 'ANDI MUHAMMAD RIFAI', 'A1', 'Teknik Informatika'),
(311, '13020220044', 'HADIID AR RAAD', 'A1', 'Teknik Informatika'),
(312, '13020220047', 'MUHAMMAD FIQHI FAUZAN', 'A1', 'Teknik Informatika'),
(313, '13020220048', 'MUHAMMAD RIZKY SYAHPUTRA', 'A2', 'Teknik Informatika'),
(314, '13020220049', 'MUSH\'AB AL MUBARAK', 'A2', 'Teknik Informatika'),
(315, '13020220050', 'FIKRI HIDAYAT', 'A2', 'Teknik Informatika'),
(316, '13020220051', 'M. RAYHAN ALBIRUNI', 'A2', 'Teknik Informatika'),
(317, '13020220052', 'HAMDANIL', 'A2', 'Teknik Informatika'),
(318, '13020220053', 'IKRAM', 'A2', 'Teknik Informatika'),
(319, '13020220054', 'SUNAN RESKI HUSIAN', 'A2', 'Teknik Informatika'),
(320, '13020220056', 'MUHAMMAD SHABRAN', 'A2', 'Teknik Informatika'),
(321, '13020220057', 'MUHAMMAD AFRIZALDI ATTALAH', 'A2', 'Teknik Informatika'),
(322, '13020220058', 'AHMAD MUAFI', 'A2', 'Teknik Informatika'),
(323, '13020220059', 'FAJAR ARIF', 'A2', 'Teknik Informatika'),
(324, '13020220064', 'MUH FAROUGHY AL GHAZALI', 'A2', 'Teknik Informatika'),
(325, '13020220065', 'ARDHITO RAHADIAN ADAM', 'A2', 'Teknik Informatika'),
(326, '13020220068', 'MUH RUSMAN', 'A2', 'Teknik Informatika'),
(327, '13020220069', 'LA ODE MUHAMMAD RISKY SYIAM WAHID', 'A2', 'Teknik Informatika'),
(328, '13020220070', 'MUH. REZA', 'A2', 'Teknik Informatika'),
(329, '13020220071', 'MUH. FIQRI', 'A2', 'Teknik Informatika'),
(330, '13020220074', 'FITRAH ARSIL', 'A2', 'Teknik Informatika'),
(331, '13020220075', 'MUHAMMAD RIZQY ISLAMI I.L. AH', 'A2', 'Teknik Informatika'),
(332, '13020220077', 'ANDI BAGAS PRAYOGO', 'A2', 'Teknik Informatika'),
(333, '13020220078', 'MUH. YUSRAN', 'A2', 'Teknik Informatika'),
(334, '13020220081', 'WAHYU KADRI RAHMAT SUAT', 'A2', 'Teknik Informatika'),
(335, '13020220084', 'DZULFADLY', 'A2', 'Teknik Informatika'),
(336, '13020220302', 'ZIDAN BSA', 'A2', 'Teknik Informatika'),
(337, '13020220086', 'ABREZAL SATRIO ABIMANYU', 'A3', 'Teknik Informatika'),
(338, '13020220087', 'A. MUHAMMAD FATHUR RAHMAN', 'A3', 'Teknik Informatika'),
(339, '13020220088', 'MUH NUR HIDAYAT', 'A3', 'Teknik Informatika'),
(340, '13020220089', 'SATRIO WITJAKSONO', 'A3', 'Teknik Informatika'),
(341, '13020220090', 'ANDI ARDIAN RAMADHAN HR', 'A3', 'Teknik Informatika'),
(342, '13020220091', 'ARDIANSYAH', 'A3', 'Teknik Informatika'),
(343, '13020220092', 'AHMAD DZAKI UBAIDILLAH', 'A3', 'Teknik Informatika'),
(344, '13020220093', 'MUH. FAUZI MARSHAL', 'A3', 'Teknik Informatika'),
(345, '13020220094', 'FIDLY SAPUTRA AWAL', 'A3', 'Teknik Informatika'),
(346, '13020220095', 'MUH. FAJRI RESKIAWAN PUTRA', 'A3', 'Teknik Informatika'),
(347, '13020220096', 'ISMAHARAJAB ARIFAI', 'A3', 'Teknik Informatika'),
(348, '13020220098', 'NUGRAHA SAPUTRA', 'A3', 'Teknik Informatika'),
(349, '13020220103', 'MUH. RAFLI RAHMAN', 'A3', 'Teknik Informatika'),
(350, '13020220104', 'NUUR FATIHAH WICAKSONO', 'A3', 'Teknik Informatika'),
(351, '13020220105', 'MUHAMMAD IHSAN SAIFULLAH', 'A3', 'Teknik Informatika'),
(352, '13020220106', 'MUH FARRAZ RAIA SUWANDI', 'A3', 'Teknik Informatika'),
(353, '13020220108', 'FADHIL ROIF MAENGKOM', 'A3', 'Teknik Informatika'),
(354, '13020220112', 'M. MUQTADIRYULLAH ISKANDAR', 'A3', 'Teknik Informatika'),
(355, '13020220114', 'JABAL NUR ALAM', 'A3', 'Teknik Informatika'),
(356, '13020220116', 'ZIA UL HAQ BAHAR', 'A3', 'Teknik Informatika'),
(357, '13020220117', 'MUH HABIBI', 'A3', 'Teknik Informatika'),
(358, '13020220118', 'MUHAMMAD HAIKAL RONNY', 'A3', 'Teknik Informatika'),
(359, '13020220120', 'ACHMAD RIZKY MAULANA', 'A4', 'Teknik Informatika'),
(360, '13020220121', 'MUH. RIANDY DWI PUTRA', 'A4', 'Teknik Informatika'),
(361, '13020220124', 'ANDI GIBRAN GAZALI S. RAHMAN', 'A4', 'Teknik Informatika'),
(362, '13020220125', 'CAKRA DEFA SAPUTRA', 'A4', 'Teknik Informatika'),
(363, '13020220127', 'MUHAMMAD REZKY EKA FITRAH UDA\'A', 'A4', 'Teknik Informatika'),
(364, '13020220128', 'RAHMAN RAMADHAN', 'A4', 'Teknik Informatika'),
(365, '13020220130', 'EKA HERLAMBANG BUDIANSYAH', 'A4', 'Teknik Informatika'),
(366, '13020220131', 'NUR IKHWAN ALFIANSYAH', 'A4', 'Teknik Informatika'),
(367, '13020220133', 'MUH. ABDULLAH. HARUN', 'A4', 'Teknik Informatika'),
(368, '13020220134', 'NUR BAKTI WIDJAYA', 'A4', 'Teknik Informatika'),
(369, '13020220136', 'GADING SEPTY MARUDANNY', 'A4', 'Teknik Informatika'),
(370, '13020220137', 'M ILYAS RESKIAWAN IN', 'A4', 'Teknik Informatika'),
(371, '13020220143', 'SYAHRUL ADIYANTO', 'A4', 'Teknik Informatika'),
(372, '13020220145', 'ADRI LINRUNG', 'A4', 'Teknik Informatika'),
(373, '13020220146', 'AQIL PRATAMA', 'A4', 'Teknik Informatika'),
(374, '13020220149', 'MUH. FAIZAL', 'A4', 'Teknik Informatika'),
(375, '13020220150', 'ARFANDI HADI KUSUMA', 'A4', 'Teknik Informatika'),
(376, '13020220151', 'ANDI DHIDIT RIYANDY', 'A4', 'Teknik Informatika'),
(377, '13020220153', 'SAMSUDIN IDRIS RENLEEW', 'A4', 'Teknik Informatika'),
(378, '13020220154', 'MUHAMMAD AKHSAN ARAFAH', 'A5', 'Teknik Informatika'),
(379, '13020220156', 'MUH ZIKRI MUBARAKOH .N', 'A5', 'Teknik Informatika'),
(380, '13020220158', 'ADITYA REZKY SAPUTRA', 'A5', 'Teknik Informatika'),
(381, '13020220162', 'MUH. ADHAM AGUS', 'A5', 'Teknik Informatika'),
(382, '13020220164', 'ANDI MUH. FADHIL REZKIAWAN', 'A5', 'Teknik Informatika'),
(383, '13020220165', 'MUHAMMAD IHSAN', 'A5', 'Teknik Informatika'),
(384, '13020220166', 'ABD. MUGNI ADJI SUSILO', 'A5', 'Teknik Informatika'),
(385, '13020220168', 'MUHAMMAD AKHYAR', 'A5', 'Teknik Informatika'),
(386, '13020220170', 'MUH. REZKY', 'A5', 'Teknik Informatika'),
(387, '13020220172', 'WAWAN', 'A5', 'Teknik Informatika'),
(388, '13020220174', 'MUH. ADAM NUR HIDAYAT', 'A5', 'Teknik Informatika'),
(389, '13020220176', 'ANDI FARID SETIAWAN', 'A5', 'Teknik Informatika'),
(390, '13020220177', 'BAGAS SETIAWAN DAMSAR', 'A5', 'Teknik Informatika'),
(391, '13020220180', 'MUHAMMAD ADITYA TOMPO', 'A5', 'Teknik Informatika'),
(392, '13020220182', 'AGUNG APRIYANDI RETANUBUN', 'A5', 'Teknik Informatika'),
(393, '13020220185', 'MUH. ADILLA SYAH', 'A5', 'Teknik Informatika'),
(394, '13020220186', 'WALIFAN RULLU', 'A5', 'Teknik Informatika'),
(395, '13020220187', 'MUH. YASIR MUBARAK', 'A5', 'Teknik Informatika'),
(396, '13020220189', 'SUFRIAL', 'A5', 'Teknik Informatika'),
(397, '13020220190', 'A.FADHEL CHAIDAR FAQIH', 'A5', 'Teknik Informatika'),
(398, '13020220193', 'RAQHIB ATAILLAH', 'A5', 'Teknik Informatika'),
(399, '13020180223', 'DWIKY ARIES NUGRAHA YUSUF', 'A6', 'Teknik Informatika'),
(400, '13020210217', 'MUHAMMAD AWALUDDIN', 'A6', 'Teknik Informatika'),
(401, '13020210301', 'MUHAMMAD LUTFHI RAHIM', 'A6', 'Teknik Informatika'),
(402, '13020220197', 'RIYAS AMINULLAH', 'A6', 'Teknik Informatika'),
(403, '13020220198', 'ANDI FAREL ALPARABI', 'A6', 'Teknik Informatika'),
(404, '13020220201', 'AHMAD BASITH', 'A6', 'Teknik Informatika'),
(405, '13020220202', 'MUH. ARISTSYAH MALIK', 'A6', 'Teknik Informatika'),
(406, '13020220203', 'MUHAMMAD ZAQLY LULUANG', 'A6', 'Teknik Informatika'),
(407, '13020220205', 'ASY SYAKUR', 'A6', 'Teknik Informatika'),
(408, '13020220206', 'MUH. RAYHAN FAHREZA', 'A6', 'Teknik Informatika'),
(409, '13020220209', 'INDRA', 'A6', 'Teknik Informatika'),
(410, '13020220211', 'IRFAN PARIT', 'A6', 'Teknik Informatika'),
(411, '13020220212', 'MUH REZA FAJRIN', 'A6', 'Teknik Informatika'),
(412, '13020220213', 'MUHAMMAD FAIZAL', 'A6', 'Teknik Informatika'),
(413, '13020220214', 'MIFTAHUL RIFQI', 'A6', 'Teknik Informatika'),
(414, '13020220215', 'RAIHAN MAHDY FAUZAN', 'A6', 'Teknik Informatika'),
(415, '13020220219', 'ADRIAN', 'A6', 'Teknik Informatika'),
(416, '13020220221', 'RIFQI FAUZAN SABILA', 'A6', 'Teknik Informatika'),
(417, '13020220222', 'BASO UMMUL IKSHAN', 'A6', 'Teknik Informatika'),
(418, '13020220223', 'MUHAMMAD ALIF MAULANA.R', 'A6', 'Teknik Informatika'),
(419, '13020220225', 'MUH. FAIQ IFTIKHAAR', 'A6', 'Teknik Informatika'),
(420, '13020220226', 'AFRIAN KURNIAWAN', 'A6', 'Teknik Informatika'),
(421, '13020220227', 'AHMAD MUFLI RAMADHAN', 'A6', 'Teknik Informatika'),
(422, '13020220229', 'RIUDHANI WIRARAJA', 'A6', 'Teknik Informatika'),
(423, '13020220231', 'MUH. BAMBANG SUHARMAN', 'A7', 'Teknik Informatika'),
(424, '13020220232', 'DANDA', 'A7', 'Teknik Informatika'),
(425, '13020220233', 'AKMAL MUFID ABUBAKAR', 'A7', 'Teknik Informatika'),
(426, '13020220234', 'FERON SAPUTRA', 'A7', 'Teknik Informatika'),
(427, '13020220235', 'ANUGERAH ZULKARNAIN', 'A7', 'Teknik Informatika'),
(428, '13020220237', 'ANDI AIDIL', 'A7', 'Teknik Informatika'),
(429, '13020220238', 'ABDILLAH JAMIL', 'A7', 'Teknik Informatika'),
(430, '13020220240', 'AKMAL AKSA GANI', 'A7', 'Teknik Informatika'),
(431, '13020220241', 'MUH ARWIN', 'A7', 'Teknik Informatika'),
(432, '13020220242', 'MUH. FURQAN APRILIAN PUTRA MUSLIHAT', 'A7', 'Teknik Informatika'),
(433, '13020220243', 'AHMAD FAUZI NASIR', 'A7', 'Teknik Informatika'),
(434, '13020220244', 'MOH. DANDI JANUARY', 'A7', 'Teknik Informatika'),
(435, '13020220245', 'DEAN PUTRA', 'A7', 'Teknik Informatika'),
(436, '13020220246', 'MUH. FANGGI FAUZAN', 'A7', 'Teknik Informatika'),
(437, '13020220247', 'MUHAMMAD RAFLY LANDEN', 'A7', 'Teknik Informatika'),
(438, '13020220248', 'MUH AS\'AD ASHAR', 'A7', 'Teknik Informatika'),
(439, '13020220250', 'MUH. RASFI DWI ALGIFARI', 'A7', 'Teknik Informatika'),
(440, '13020220255', 'ANDI SAKTA RIFKI ERLANGGA MALIK', 'A7', 'Teknik Informatika'),
(441, '13020220256', 'MUH ALFARID JUFDA', 'A7', 'Teknik Informatika'),
(442, '13020220257', 'ABDUL RAJID AL HAMID', 'A7', 'Teknik Informatika'),
(443, '13020220258', 'MOH ARIF HENTIHU', 'A7', 'Teknik Informatika'),
(444, '13020220259', 'MUH. REVIAN ALAMSYAH', 'A7', 'Teknik Informatika'),
(445, '13020220261', 'ANDI GEMAL HERSA SAPUTRA', 'A8', 'Teknik Informatika'),
(446, '13020220263', 'NURALIM', 'A8', 'Teknik Informatika'),
(447, '13020220264', 'M. FAIRUZ SYAHRAN', 'A8', 'Teknik Informatika'),
(448, '13020220265', 'FARID WAJDI MUFTI', 'A8', 'Teknik Informatika'),
(449, '13020220266', 'MUH. ALI RAHMADI', 'A8', 'Teknik Informatika'),
(450, '13020220268', 'RIZKY CHAIRU RAMADHAN', 'A8', 'Teknik Informatika'),
(451, '13020220269', 'LUQMAN HAKIM HASANUDDIN', 'A8', 'Teknik Informatika'),
(452, '13020220270', 'A. ABDI FAHRUL ISLAM', 'A8', 'Teknik Informatika'),
(453, '13020220271', 'MUH. NUR ASFAR', 'A8', 'Teknik Informatika'),
(454, '13020220272', 'AHMAD RIZA SHIDDIQ', 'A8', 'Teknik Informatika'),
(455, '13020220276', 'MUH. FADHEL', 'A8', 'Teknik Informatika'),
(456, '13020220279', 'MUHAMMAD REVALDI. S', 'A8', 'Teknik Informatika'),
(457, '13020220280', 'FADHIL AHMAD FARRAS ABDILLAH', 'A8', 'Teknik Informatika'),
(458, '13020220283', 'MUAJJIDIL AHKAM', 'A8', 'Teknik Informatika'),
(459, '13020220286', 'AZHAR GHOZALI MAMONTO', 'A8', 'Teknik Informatika'),
(460, '13020220287', 'RAMA DWI ANUGRAH MANGORI', 'A8', 'Teknik Informatika'),
(461, '13020220290', 'NUR ALAM', 'A8', 'Teknik Informatika'),
(462, '13020220293', 'ANDI SURYA TARA', 'A8', 'Teknik Informatika'),
(463, '13020220295', 'M. RIDWAN R.', 'A8', 'Teknik Informatika'),
(464, '13020220296', 'MUH ICHLASUL AMAL SYAM', 'A8', 'Teknik Informatika'),
(465, '13020220300', 'MUH. RAFI FADHIL NURYADIN', 'A8', 'Teknik Informatika'),
(466, '13020220303', 'MUH. NAWIR', 'A9', 'Teknik Informatika'),
(467, '13020220304', 'AHMAD FATHI KAUTSARY', 'A9', 'Teknik Informatika'),
(468, '13020220305', 'MUH.RIVKY PRATAMA PUTRA SOEGIRI', 'A9', 'Teknik Informatika'),
(469, '13020220309', 'DANDI', 'A9', 'Teknik Informatika'),
(470, '13020220312', 'RAHMAT HIDAYAT', 'A9', 'Teknik Informatika'),
(471, '13020220313', 'ANDI ABDUL CHAERULLAH AMRAN', 'A9', 'Teknik Informatika'),
(472, '13020220314', 'M. KAMARUL HISYAM', 'A9', 'Teknik Informatika'),
(473, '13020220315', 'NURUL HAKIM', 'A9', 'Teknik Informatika'),
(474, '13020220319', 'RAHMAT HIDAYAT', 'A9', 'Teknik Informatika'),
(475, '13020220321', 'MUH. ASADULLAH ISHAK', 'A9', 'Teknik Informatika'),
(476, '13020220322', 'MUH. RAFIANTO', 'A9', 'Teknik Informatika'),
(477, '13020220325', 'WIWIN', 'A9', 'Teknik Informatika'),
(478, '13020220326', 'MUHAMMAD REZA SYAH PAHLEVI POHAN', 'A9', 'Teknik Informatika'),
(479, '13020220328', 'M. ARIF ABDILLAH BUSTAN', 'A9', 'Teknik Informatika'),
(480, '13020220330', 'MUH ARKHAM FAUZAN AKBAR', 'A9', 'Teknik Informatika'),
(481, '13020220331', 'MUHAMMAD REZKY WIDODO', 'A9', 'Teknik Informatika'),
(482, '13020220333', 'RANDIKA SAKHA RAMADANI PUTRA AHMAD', 'A9', 'Teknik Informatika'),
(483, '13020220334', 'RAFLY HARTA PRATAMA', 'A9', 'Teknik Informatika'),
(484, '13020220335', 'MUHAMMAD FATTAHURRAZAQ', 'A9', 'Teknik Informatika'),
(485, '13020220337', 'AHMAD BAIHAQI', 'A9', 'Teknik Informatika'),
(486, '13020220339', 'DIMAS SYAPUTRA AMIR', 'A9', 'Teknik Informatika'),
(487, '13020220341', 'HAMDAN ROBBY ARMANSYAH', 'A9', 'Teknik Informatika'),
(488, '13020220342', 'MUH. ARIL JUFRI', 'A9', 'Teknik Informatika'),
(489, '13020220001', 'SARI NARULITA SYAMSUDDIN', 'B1', 'Teknik Informatika'),
(490, '13020220002', 'SITI HELGA HUWAIDAH', 'B1', 'Teknik Informatika'),
(491, '13020220003', 'RAHMA ALIA', 'B1', 'Teknik Informatika'),
(492, '13020220011', 'ZANIRA PUTRI WARDHANI', 'B1', 'Teknik Informatika'),
(493, '13020220012', 'AMALIA PUTRI UTAMI', 'B1', 'Teknik Informatika'),
(494, '13020220013', 'TESSA INRIANI EFENDI', 'B1', 'Teknik Informatika'),
(495, '13020220016', 'SUKMAWATI', 'B1', 'Teknik Informatika'),
(496, '13020220018', 'DIAN FITRIAH H. DJAFAR', 'B1', 'Teknik Informatika'),
(497, '13020220019', 'ANDI PUTRI ATIRAH MASNUR', 'B1', 'Teknik Informatika'),
(498, '13020220020', 'SISKA SUDIRMAN', 'B1', 'Teknik Informatika'),
(499, '13020220024', 'MUTHMAINNA ALIFAH', 'B1', 'Teknik Informatika'),
(500, '13020220025', 'DIAN AZIZAH PERMATA ISLAMIAH PADLI', 'B1', 'Teknik Informatika'),
(501, '13020220027', 'SALZABILA TRIANA SAID', 'B1', 'Teknik Informatika'),
(502, '13020220028', 'AINUN NAQIYAH', 'B1', 'Teknik Informatika'),
(503, '13020220029', 'ULFA RIFKY AWALIYAH', 'B1', 'Teknik Informatika'),
(504, '13020220031', 'FAUZIAH RAHMA NADIN', 'B1', 'Teknik Informatika'),
(505, '13020220033', 'REZKY AMANDA PUTRI', 'B1', 'Teknik Informatika'),
(506, '13020220034', 'LISKI', 'B1', 'Teknik Informatika'),
(507, '13020220036', 'PUTRI MAHARANI.S', 'B1', 'Teknik Informatika'),
(508, '13020220037', 'CICI DAMAYANTI OKI', 'B1', 'Teknik Informatika'),
(509, '13020220038', 'TENRIANGKA', 'B1', 'Teknik Informatika'),
(510, '13020220045', 'NADHIA FAIRUZ ZAHRA', 'B1', 'Teknik Informatika'),
(511, '13020220055', 'RADHIYATUL MARDHIYAH', 'B1', 'Teknik Informatika'),
(512, '13020220060', 'ARNAWATI', 'B1', 'Teknik Informatika'),
(513, '13020220061', 'YASYFA XENA ARLEYDA WAHYUDI', 'B1', 'Teknik Informatika'),
(514, '13020230350', 'SRI ULFIANI RIFAI', 'B1', 'Teknik Informatika'),
(515, '13020230347', 'MUHAMMAD MI\'RAJ HAMBALI', 'D1', 'Teknik Informatika'),
(516, '13020220139', 'ANDI AHMAD FAJRUL JAYADIL YULIFAR', 'D1', 'Teknik Informatika'),
(517, '13020220063', 'RINI RAHMAYANI BADARUDDIN', 'B2', 'Teknik Informatika'),
(518, '13020220066', 'BESSE ZAHRA NURANI A', 'B2', 'Teknik Informatika'),
(519, '13020220072', 'BESSE NISA MUKARRAMAH', 'B2', 'Teknik Informatika'),
(520, '13020220073', 'NUR AZIZAH', 'B2', 'Teknik Informatika'),
(521, '13020220079', 'RINA', 'B2', 'Teknik Informatika'),
(522, '13020220080', 'FANNY PUSPITA SARI AMANDA', 'B2', 'Teknik Informatika'),
(523, '13020220082', 'MAISYARAH SISKA SAFITRI. MM', 'B2', 'Teknik Informatika'),
(524, '13020220083', 'ARSYANA ILMA GAJI KOBONG', 'B2', 'Teknik Informatika'),
(525, '13020220085', 'GITA PRATIWI', 'B2', 'Teknik Informatika'),
(526, '13020220101', 'SOFIAH ALKHORIYYAH', 'B2', 'Teknik Informatika'),
(527, '13020220102', 'AISYAH RUSDI', 'B2', 'Teknik Informatika'),
(528, '13020220107', 'IDAMA WAHDA NUR', 'B2', 'Teknik Informatika'),
(529, '13020220109', 'TAZKIRAH AMALIAH', 'B2', 'Teknik Informatika'),
(530, '13020220110', 'SRI ANDAYANI', 'B2', 'Teknik Informatika'),
(531, '13020220111', 'INDIRA RENATA PANGERAN', 'B2', 'Teknik Informatika'),
(532, '13020220115', 'NURUL HIKMAH MUQARRAMA', 'B2', 'Teknik Informatika'),
(533, '13020220122', 'NURHIDAYAH', 'B2', 'Teknik Informatika'),
(534, '13020220123', 'ANDI AULIAAH UMMU KALSUM', 'B2', 'Teknik Informatika'),
(535, '13020220129', 'MUNADIAN YUNADIAN', 'B2', 'Teknik Informatika'),
(536, '13020220132', 'FAIZAH RAMADHANI HUSNI', 'B2', 'Teknik Informatika'),
(537, '13020220135', 'A. ASHA SAFITRI SAVINA', 'B2', 'Teknik Informatika'),
(538, '13020220140', 'NOER AKIFAH RAHMAN', 'B2', 'Teknik Informatika'),
(539, '13020220141', 'NURMILASARI', 'B2', 'Teknik Informatika'),
(540, '13020230338', 'HAIRUNNISA', 'B2', 'Teknik Informatika'),
(541, '13020210268', 'ROSWINDA. A', 'B3', 'Teknik Informatika'),
(542, '13020220142', 'ANDI HUSNUL KHATIMAH', 'B3', 'Teknik Informatika'),
(543, '13020220148', 'RAYHANA BAHAR', 'B3', 'Teknik Informatika'),
(544, '13020220152', 'NURIHDINA', 'B3', 'Teknik Informatika'),
(545, '13020220155', 'ANDRA MAUDI AULIA', 'B3', 'Teknik Informatika'),
(546, '13020220157', 'AYUMI PERMATASARI', 'B3', 'Teknik Informatika'),
(547, '13020220159', 'HUSNUL KHOTIMAH ARIF', 'B3', 'Teknik Informatika'),
(548, '13020220160', 'DWI MAHARANI MUSLIM', 'B3', 'Teknik Informatika'),
(549, '13020220167', 'AFIFAH', 'B3', 'Teknik Informatika'),
(550, '13020220173', 'SRI YUNITA', 'B3', 'Teknik Informatika'),
(551, '13020220175', 'MITA RUMAKAMAR', 'B3', 'Teknik Informatika'),
(552, '13020220178', 'BESSE NURUL HUDA', 'B3', 'Teknik Informatika'),
(553, '13020220179', 'RIRIN MELANI ASAF', 'B3', 'Teknik Informatika'),
(554, '13020220183', 'ANNISA UZ ZAHRAH ASKAR', 'B3', 'Teknik Informatika'),
(555, '13020220184', 'EMA REGITA PUTRI', 'B3', 'Teknik Informatika'),
(556, '13020220188', 'LENI J BORA', 'B3', 'Teknik Informatika'),
(557, '13020220191', 'SYARI\'AT', 'B3', 'Teknik Informatika'),
(558, '13020220194', 'NIA APRILIA', 'B3', 'Teknik Informatika'),
(559, '13020220195', 'INTAN PURAHMADHAN', 'B3', 'Teknik Informatika'),
(560, '13020220199', 'AL FIRA SAM', 'B3', 'Teknik Informatika'),
(561, '13020220200', 'SHANTIKA', 'B3', 'Teknik Informatika'),
(562, '13020220204', 'HAIKA ELFRIANTI', 'B3', 'Teknik Informatika'),
(563, '13020220208', 'ANGGI ALINKA', 'B3', 'Teknik Informatika'),
(564, '13020220216', 'KIKI', 'B3', 'Teknik Informatika'),
(565, '13020220217', 'ANDI NURUL FITRI TAQIAH PATARAI', 'B4', 'Teknik Informatika'),
(566, '13020220218', 'SARTIKA WIDYA ARDINA', 'B4', 'Teknik Informatika'),
(567, '13020220224', 'ANDI MAWARSI SALSABILA', 'B4', 'Teknik Informatika'),
(568, '13020220228', 'NURAZIZA WARDHANY RUSLAN', 'B4', 'Teknik Informatika'),
(569, '13020220230', 'NURUL FITRIANI', 'B4', 'Teknik Informatika'),
(570, '13020220236', 'CATRI SYAFRIANA BINTO', 'B4', 'Teknik Informatika'),
(571, '13020220239', 'NASRINA IMTIYAS ZAHRA', 'B4', 'Teknik Informatika'),
(572, '13020220249', 'NURUL FATIHAH', 'B4', 'Teknik Informatika'),
(573, '13020220251', 'PUTRI APRILIA', 'B4', 'Teknik Informatika'),
(574, '13020220252', 'UMMUL ULYA HANDAYANI HAMID', 'B4', 'Teknik Informatika'),
(575, '13020220253', 'ALIFAH AZMI', 'B4', 'Teknik Informatika'),
(576, '13020220267', 'PUTRI BIMADAYANTI', 'B4', 'Teknik Informatika'),
(577, '13020220273', 'NURSYAMSI', 'B4', 'Teknik Informatika'),
(578, '13020220274', 'RISKA', 'B4', 'Teknik Informatika'),
(579, '13020220275', 'NUR SYAFIQAH', 'B4', 'Teknik Informatika'),
(580, '13020220281', 'NURUL CAHYANI WULANDARI', 'B4', 'Teknik Informatika'),
(581, '13020220282', 'ADE HANDAYANI KADIR', 'B4', 'Teknik Informatika'),
(582, '13020220284', 'FITRALIZANI ISHAK', 'B4', 'Teknik Informatika'),
(583, '13020220285', 'SINARMIYANTI', 'B4', 'Teknik Informatika'),
(584, '13020220289', 'RISTHA', 'B4', 'Teknik Informatika'),
(585, '13020220291', 'NABILA WIDIYANTI', 'B4', 'Teknik Informatika'),
(586, '13020220292', 'MAHARANI SAFWA ANDINI', 'B4', 'Teknik Informatika'),
(587, '13020220294', 'SULISTRIAWATI RAMADHANI', 'B4', 'Teknik Informatika'),
(588, '13020220297', 'DESI ISNATASYA', 'B4', 'Teknik Informatika'),
(589, '13020220298', 'VIRKAYANTI ANDANI PUTRI', 'B4', 'Teknik Informatika'),
(590, '13020180038', 'BACHANY SURYA MUSTAFA', 'C2', 'Teknik Informatika'),
(591, '13020180200', 'MUH. FIQRAM', 'C2', 'Teknik Informatika'),
(592, '13020180227', 'SUDIRJA SUKIRMAN', 'C2', 'Teknik Informatika'),
(593, '13020180245', 'AKHMAD PETTA LOLO LASINRANG', 'C2', 'Teknik Informatika'),
(594, '13020190085', 'NUR HALISA', 'C2', 'Teknik Informatika'),
(595, '13020190186', 'MUHAMMAD ZAHRAN ZAINUL MUTTAQIM', 'C2', 'Teknik Informatika'),
(598, '13020220301', 'JULISA', 'C2', 'Teknik Informatika'),
(599, '13020220306', 'NURFADILAH', 'C2', 'Teknik Informatika'),
(600, '13020220307', 'ULFA SARI', 'C2', 'Teknik Informatika'),
(601, '13020220311', 'ANDI AULIYA ALAYDA SYAHRUL', 'C2', 'Teknik Informatika'),
(602, '13020220316', 'SARAH RESKI PRATIWI', 'C2', 'Teknik Informatika'),
(603, '13020220317', 'PRATIWI', 'C2', 'Teknik Informatika'),
(604, '13020220320', 'AINUR RAHMA ALMAGFIRAH', 'C2', 'Teknik Informatika'),
(605, '13020220323', 'DEWI ERNITA RAHMA', 'C2', 'Teknik Informatika'),
(606, '13020220327', 'JIHAN NAFASYA DARMAWAN', 'C2', 'Teknik Informatika'),
(607, '13020220329', 'NABILAH NUR AFIFAH', 'C2', 'Teknik Informatika'),
(608, '13120220003', 'ARDIANSYAH', 'A1', 'Sistem Informasi'),
(609, '13120220006', 'ARYA ADITYA', 'A1', 'Sistem Informasi'),
(610, '13120220011', 'MUHAMMAD FADLY AKRAM', 'A1', 'Sistem Informasi'),
(611, '13120220015', 'GEZAQ AULIA SAIFUDDIN', 'A1', 'Sistem Informasi'),
(612, '13120220016', 'MUHAMMAD AHNAF FAUZAN', 'A1', 'Sistem Informasi'),
(613, '13120220018', 'MUHAMMAD DIFFAL ANUGRAH', 'A1', 'Sistem Informasi'),
(614, '13120220020', 'MUHAMMAD FADLI BAKHTIAR', 'A1', 'Sistem Informasi'),
(615, '13120220024', 'MUH. FAJRI SABIR', 'A1', 'Sistem Informasi'),
(616, '13120220025', 'ANUGRAH ALFIANSYAH HUSAIN', 'A1', 'Sistem Informasi'),
(617, '13120220026', 'MUHAMMAD MARIE', 'A1', 'Sistem Informasi'),
(618, '13120220032', 'KAIMUDDIN', 'A1', 'Sistem Informasi'),
(619, '13120220036', 'MUHAMAD DIRGANTARA', 'A1', 'Sistem Informasi'),
(620, '13120230056', 'DAVID HIDAYAT', 'A1', 'Sistem Informasi'),
(621, '13120230062', 'MUH. AZHARUL MUSA', 'A1', 'Sistem Informasi'),
(622, '13120220002', 'NUR ANNISAH AULIA', 'B1', 'Sistem Informasi'),
(623, '13120220004', 'RISA HASMILA SARI', 'B1', 'Sistem Informasi'),
(624, '13120220007', 'SALSABILA AURELIA', 'B1', 'Sistem Informasi'),
(625, '13120220008', 'AFIFAH KHAIRUNNISA NUGROHO', 'B1', 'Sistem Informasi'),
(626, '13120220010', 'INTAN PUTRI NURASHILA TAJUDDIN', 'B1', 'Sistem Informasi'),
(627, '13120220012', 'AMALYA REZKY FITRAYANA', 'B1', 'Sistem Informasi'),
(628, '13120220013', 'A. RESKI RAMADANI RAHMAT', 'B1', 'Sistem Informasi'),
(629, '13120220014', 'MUSTIKA OCTAVIA', 'B1', 'Sistem Informasi'),
(630, '13120220019', 'NURUL INAYAH HERMANY', 'B1', 'Sistem Informasi'),
(631, '13120220021', 'NUR ISLAMIA', 'B1', 'Sistem Informasi'),
(632, '13120220022', 'PUTRI SALSABILA VIRIZCA', 'B1', 'Sistem Informasi'),
(633, '13120220023', 'FITRI HERNANDA MAHARANI AMIR', 'B1', 'Sistem Informasi'),
(634, '13120220027', 'BINTANG NURAINI', 'B1', 'Sistem Informasi'),
(635, '13120220029', 'SELVIA', 'B1', 'Sistem Informasi'),
(636, '13120220031', 'ANDI FATHIMATUZ ZAHRA', 'B1', 'Sistem Informasi'),
(637, '13120220033', 'MUSDALIFAH', 'B1', 'Sistem Informasi'),
(638, '13120220034', 'PUTRI NUR REZKY', 'B1', 'Sistem Informasi'),
(639, '13120220035', 'RISDAYANTI A.GAMTINA', 'B1', 'Sistem Informasi'),
(640, '13120220038', 'NABILA NUR SYAIDAH', 'B1', 'Sistem Informasi'),
(641, '13020230002', 'ARDIANSYAH HIDAYAT', 'A1', 'Teknik Informatika'),
(642, '13020230003', 'MOH. FATHUR RAHMANSYAH', 'A1', 'Teknik Informatika'),
(643, '13020230005', 'MUH. KHALIL GIBRAN ABBAS', 'A1', 'Teknik Informatika'),
(644, '13020230006', 'MUHAMMAD FIDEL SALIM', 'A1', 'Teknik Informatika'),
(645, '13020230007', 'MUHAMMAD NUR KHADAFI H.UMAR', 'A1', 'Teknik Informatika'),
(646, '13020230008', 'MUH. ALFARIZI DWI AKSA PUTRA', 'A1', 'Teknik Informatika'),
(647, '13020230009', 'MEYDIL EKA SYAH PUTRA', 'A1', 'Teknik Informatika'),
(648, '13020230013', 'REYHAN SAVERO', 'A1', 'Teknik Informatika'),
(649, '13020230016', 'MUH.RAYA FACHRIL KADARI', 'A1', 'Teknik Informatika'),
(650, '13020230017', 'MUH. AZHAR HARUNA', 'A1', 'Teknik Informatika'),
(651, '13020230018', 'ZULFATTAH', 'A1', 'Teknik Informatika'),
(652, '13020230019', 'MARSYAL', 'A1', 'Teknik Informatika'),
(653, '13020230020', 'FAUZAN HAADI', 'A1', 'Teknik Informatika'),
(654, '13020230021', 'M. ERIL KAUTSAR', 'A1', 'Teknik Informatika'),
(655, '13020230022', 'WAHYU SAPUTRA PERDANA', 'A1', 'Teknik Informatika'),
(656, '13020230023', 'MUH MAHDI', 'A1', 'Teknik Informatika'),
(657, '13020230024', 'JULKARNAIN HATTA', 'A1', 'Teknik Informatika'),
(658, '13020230025', 'MUH. FAJAR ISTIQAMAH RAMDANY', 'A1', 'Teknik Informatika'),
(659, '13020230027', 'MUHAMMAD ALDI MAULANA', 'A1', 'Teknik Informatika'),
(660, '13020230030', 'MUHAMMAD NUR FUAD', 'A1', 'Teknik Informatika'),
(661, '13020230031', 'RANGGA ARYA WARACHMAT', 'A1', 'Teknik Informatika'),
(662, '13020230033', 'MUHAMMAD AIDIL', 'A1', 'Teknik Informatika'),
(663, '13020230034', 'AHMAD FAWZAR', 'A1', 'Teknik Informatika'),
(664, '13020230035', 'MUHAMMAD IKRAM GHIFARI', 'A1', 'Teknik Informatika'),
(665, '13020230036', 'ASRUL', 'A1', 'Teknik Informatika'),
(666, '13020230335', 'MUHAMMAD FADHEL SYAMSURI', 'A1', 'Teknik Informatika'),
(667, '13020180071', 'ALFIAN NASRUDIN', 'A2', 'Teknik Informatika'),
(668, '13020190101', 'ANDI MUHAMMAD ALIF HAEDAR', 'A2', 'Teknik Informatika'),
(669, '13020230037', 'MALIK SALAHUDDIN', 'A2', 'Teknik Informatika'),
(670, '13020230039', 'MUH. ALIF FATURAHMAN', 'A2', 'Teknik Informatika'),
(671, '13020230041', 'MUH. NUR RIFQI AHLUL', 'A2', 'Teknik Informatika'),
(672, '13020230042', 'ANDI M FATURAHMAN MANGGA BARANI', 'A2', 'Teknik Informatika'),
(673, '13020230044', 'DIMAS PRAWIRA', 'A2', 'Teknik Informatika'),
(674, '13020230046', 'MUH. IKHLASUL AMAL. N', 'A2', 'Teknik Informatika'),
(675, '13020230047', 'ANDI MUHAMMAD SIRAT RAZAK', 'A2', 'Teknik Informatika'),
(676, '13020230048', 'MUH ARIEL HIDAYAT PORNIS', 'A2', 'Teknik Informatika'),
(677, '13020230049', 'ICHWAL', 'A2', 'Teknik Informatika'),
(678, '13020230050', 'RIFKY FAHREZA', 'A2', 'Teknik Informatika'),
(679, '13020230052', 'JUMADIL', 'A2', 'Teknik Informatika'),
(680, '13020230053', 'MUH. NUR ZAELANI', 'A2', 'Teknik Informatika'),
(681, '13020230054', 'ANDI RIZKY AKBAR', 'A2', 'Teknik Informatika'),
(682, '13020230055', 'ANDI MUH. AL AMRI', 'A2', 'Teknik Informatika'),
(683, '13020230056', 'IRGI AHMAD BAIQUNI', 'A2', 'Teknik Informatika'),
(684, '13020230057', 'ANDI DZAKY ARRIFIAL.R', 'A2', 'Teknik Informatika'),
(685, '13020230058', 'IBNU HAFIZ', 'A2', 'Teknik Informatika'),
(686, '13020230059', 'MUHAMMAD IRFAN APRIANSYAH', 'A2', 'Teknik Informatika'),
(687, '13020230061', 'MOHAMAD RAVLY RAVAEL', 'A2', 'Teknik Informatika'),
(688, '13020230062', 'ALPIN ARIA PERKASA RAHMAN', 'A2', 'Teknik Informatika'),
(689, '13020230064', 'A.M RAYFQ NURAKHBAR K.R', 'A2', 'Teknik Informatika'),
(690, '13020230066', 'ADNAN AFIEF ZAIN', 'A2', 'Teknik Informatika'),
(691, '13020230067', 'A. FUAD MUTAHARI PARENRENGI', 'A2', 'Teknik Informatika'),
(692, '13020230068', 'ALIM TRIATMAJA', 'A2', 'Teknik Informatika'),
(693, '13020220097', 'AFRISAL DARMAWANSAH JAMALUDDIN', 'A3', 'Teknik Informatika'),
(694, '13020230069', 'M. AFDHAL HAMDAN AL-JAEDY', 'A3', 'Teknik Informatika'),
(695, '13020230071', 'YOGI KAMAL', 'A3', 'Teknik Informatika'),
(696, '13020230072', 'MUHAMMAD NUR HIDAYAT', 'A3', 'Teknik Informatika'),
(697, '13020230074', 'MUH. AIDIL ASRUL', 'A3', 'Teknik Informatika'),
(698, '13020230075', 'FAJAR', 'A3', 'Teknik Informatika'),
(699, '13020230076', 'ALIF HIDAYAT', 'A3', 'Teknik Informatika'),
(700, '13020230077', 'AFNAN', 'A3', 'Teknik Informatika'),
(701, '13020230078', 'MUH. AL-QADRI SALEH', 'A3', 'Teknik Informatika'),
(702, '13020230079', 'SYAHNABIL', 'A3', 'Teknik Informatika'),
(703, '13020230080', 'MUHAMMAD AHSAN NAS', 'A3', 'Teknik Informatika'),
(704, '13020230081', 'AAN MAULANA SAMPE', 'A3', 'Teknik Informatika'),
(705, '13020230082', 'MUHAMMAD IQBAL FITRA BADILAH', 'A3', 'Teknik Informatika'),
(706, '13020230083', 'RAUSHAN FIKRAN', 'A3', 'Teknik Informatika'),
(707, '13020230086', 'MUHAMMAD RAFFI RIZKITULLAH DJIKO', 'A3', 'Teknik Informatika'),
(708, '13020230087', 'MUH. GANDHY SETYABUDI', 'A3', 'Teknik Informatika'),
(709, '13020230089', 'NAUFAL DZAKY RAHMAN', 'A3', 'Teknik Informatika'),
(710, '13020230090', 'MUHAMMAD TAUFIQ', 'A3', 'Teknik Informatika'),
(711, '13020230094', 'ANDI AL-GHIFARI', 'A3', 'Teknik Informatika'),
(712, '13020230095', 'ALI SYAIFULLAH', 'A3', 'Teknik Informatika'),
(713, '13020230097', 'MUHAMMAD AULIA RAHMAN', 'A3', 'Teknik Informatika'),
(714, '13020230098', 'MUHAMMAD RIFKI YUSRI', 'A3', 'Teknik Informatika'),
(715, '13020230099', 'ARHAM AL FARABI', 'A3', 'Teknik Informatika'),
(716, '13020230100', 'M. RIZWAN', 'A3', 'Teknik Informatika'),
(718, '13020230106', 'AHMAD FAISAL R.', 'A4', 'Teknik Informatika'),
(719, '13020230108', 'MUH RAIVAN MUHADZIB YARAS', 'A4', 'Teknik Informatika'),
(720, '13020230109', 'M. DAPHDI ALGIFARI NUR', 'A4', 'Teknik Informatika'),
(721, '13020230111', 'AFRIANSYAH', 'A4', 'Teknik Informatika'),
(722, '13020230113', 'MUHAMMAD ADRIANSAH PONO', 'A4', 'Teknik Informatika'),
(723, '13020230114', 'AL FIAN MURSYIDIN', 'A4', 'Teknik Informatika'),
(724, '13020230116', 'MUH. ARIL', 'A4', 'Teknik Informatika');
INSERT INTO `mahasiswa` (`id_mahasiswa`, `nim`, `nama`, `kelas`, `jurusan`) VALUES
(725, '13020230119', 'MUHAMMAD DZAKY SUSANTO', 'A4', 'Teknik Informatika'),
(726, '13020230122', 'MUH. FARIS RAHMAN', 'A4', 'Teknik Informatika'),
(727, '13020230123', 'MUH. RAIHAN', 'A4', 'Teknik Informatika'),
(728, '13020230124', 'MUHAMMAD ALFAREZA', 'A4', 'Teknik Informatika'),
(729, '13020230125', 'AZRIEL NASAR SARMAN', 'A4', 'Teknik Informatika'),
(730, '13020230128', 'MUH. IKHWAN HASAN', 'A4', 'Teknik Informatika'),
(731, '13020230129', 'ALFIAN MAULANA LATIF', 'A4', 'Teknik Informatika'),
(732, '13020230130', 'SULFADLY AMIN', 'A4', 'Teknik Informatika'),
(733, '13020230133', 'MUHAMMAD SHURAIM', 'A4', 'Teknik Informatika'),
(734, '13020230134', 'FAID FADHILAH', 'A4', 'Teknik Informatika'),
(735, '13020230135', 'MUH.RAFLY SHADIQIN MUCHTAR', 'A4', 'Teknik Informatika'),
(736, '13020230136', 'AFVRIZA MAULANA', 'A4', 'Teknik Informatika'),
(737, '13020230138', 'MUH . KHALID RAHMADI', 'A4', 'Teknik Informatika'),
(738, '13020230140', 'RAIHAN SYAM', 'A4', 'Teknik Informatika'),
(739, '13020230141', 'MUH. FADHIL ARDHATILLAH', 'A4', 'Teknik Informatika'),
(740, '13020230142', 'ANSAR', 'A4', 'Teknik Informatika'),
(741, '13020230143', 'MUHAMMAD AIDIL NOVRIYADI', 'A4', 'Teknik Informatika'),
(742, '13020230144', 'ANDI ASLIM SHAFAR', 'A4', 'Teknik Informatika'),
(743, '13020230145', 'MUHAMMAD AFDAL', 'A5', 'Teknik Informatika'),
(744, '13020230146', 'MUH. FAUZAN', 'A5', 'Teknik Informatika'),
(745, '13020230147', 'MUH. FARHAN AL AZIS', 'A5', 'Teknik Informatika'),
(746, '13020230148', 'ADIT SETIAWAN BUDI', 'A5', 'Teknik Informatika'),
(747, '13020230149', 'MUH.DZULKIFLI DAHLAN', 'A5', 'Teknik Informatika'),
(748, '13020230150', 'CHELVIN RAHMATTULLAH', 'A5', 'Teknik Informatika'),
(749, '13020230151', 'ABBAS ASIS', 'A5', 'Teknik Informatika'),
(750, '13020230152', 'MUH. ISMAIL HUSAENI', 'A5', 'Teknik Informatika'),
(751, '13020230153', 'MUHAMMAD RAIHAN SAPUTRA', 'A5', 'Teknik Informatika'),
(752, '13020230156', 'HUSAIN ARRAYHAN', 'A5', 'Teknik Informatika'),
(753, '13020230157', 'MUH. WILDAN TRI GEMILAN', 'A5', 'Teknik Informatika'),
(754, '13020230158', 'ARDIYANSAH', 'A5', 'Teknik Informatika'),
(755, '13020230159', 'MIFTAHUL FALA', 'A5', 'Teknik Informatika'),
(756, '13020230161', 'MUH. IRFAN MAHMUD', 'A5', 'Teknik Informatika'),
(757, '13020230162', 'ANDI FAIZ AHMAD SYAUQY', 'A5', 'Teknik Informatika'),
(758, '13020230164', 'M. IQBAL MAULANA', 'A5', 'Teknik Informatika'),
(759, '13020230166', 'SEFTIAN DWI ANDIRA MUKHTAR', 'A5', 'Teknik Informatika'),
(760, '13020230167', 'MUH. SYUKRI ABDULLAH', 'A5', 'Teknik Informatika'),
(761, '13020230168', 'AWAL NUR RAHMAT', 'A5', 'Teknik Informatika'),
(762, '13020230171', 'MUH. FAJAR NATSIR', 'A5', 'Teknik Informatika'),
(763, '13020230172', 'MAULANA MALIK IBRAHIM', 'A5', 'Teknik Informatika'),
(764, '13020230174', 'ACHMAD DANUL', 'A5', 'Teknik Informatika'),
(765, '13020230177', 'FAIZ RAMADHAN', 'A5', 'Teknik Informatika'),
(766, '13020230178', 'ANDI MUHAMMAD IKHSAN QOWIYYUN ARSYILAHI', 'A5', 'Teknik Informatika'),
(767, '13020230179', 'ARIL AMIR', 'A5', 'Teknik Informatika'),
(768, '13020230181', 'FATRA RAMADHAN KALA', 'A6', 'Teknik Informatika'),
(769, '13020230183', 'A. MUH. TAQWIN FAUZAN', 'A6', 'Teknik Informatika'),
(770, '13020230184', 'MUH. FIKRI', 'A6', 'Teknik Informatika'),
(771, '13020230185', 'KHAIRUNNAS SYARWAN', 'A6', 'Teknik Informatika'),
(772, '13020230187', 'NAHWA KAKA SAPUTRA ANGGAREKSA', 'A6', 'Teknik Informatika'),
(773, '13020230188', 'ANDIKA ARDIANSYAH PUTRA', 'A6', 'Teknik Informatika'),
(774, '13020230190', 'MOH. SURYA SYACHPUTRA DAY', 'A6', 'Teknik Informatika'),
(775, '13020230191', 'MUHAMMAD FIKIH SAPUTRA', 'A6', 'Teknik Informatika'),
(776, '13020230192', 'FADEL MUHAMMAD. H', 'A6', 'Teknik Informatika'),
(777, '13020230193', 'MUHAMMAD RIFKY SAPUTRA SCANIA', 'A6', 'Teknik Informatika'),
(778, '13020230195', 'REINZAH AUDY ALFARISSI', 'A6', 'Teknik Informatika'),
(779, '13020230196', 'MUHAMMAD REZKY EFENDI', 'A6', 'Teknik Informatika'),
(780, '13020230198', 'ARON', 'A6', 'Teknik Informatika'),
(781, '13020230199', 'MUH. AKMAL ABIY CHAIRIL ASRUL', 'A6', 'Teknik Informatika'),
(782, '13020230200', 'KELVIN WIJAYA', 'A6', 'Teknik Informatika'),
(783, '13020230201', 'MUHAMMAD ICHLAZUL AMAL', 'A6', 'Teknik Informatika'),
(784, '13020230202', 'ABDUL QHALIL ALFAREZY BASIR BACHTIAR', 'A6', 'Teknik Informatika'),
(785, '13020230206', 'MUH. ARIEL GUSTAN', 'A6', 'Teknik Informatika'),
(786, '13020230207', 'PUTRA PURNAMA SYUAIB', 'A6', 'Teknik Informatika'),
(787, '13020230208', 'ZULFAHMI', 'A6', 'Teknik Informatika'),
(788, '13020230210', 'NUR AMINUL YAHYA BALDANULLA', 'A6', 'Teknik Informatika'),
(789, '13020230212', 'L.M. NAUFAL RIYANDIKA SURI', 'A6', 'Teknik Informatika'),
(790, '13020230213', 'ILHAM USMAN', 'A6', 'Teknik Informatika'),
(791, '13020230214', 'HARDIANSYAH SAPUTRA', 'A6', 'Teknik Informatika'),
(792, '13020230215', 'MUHAMMAD NUR WAGOLA', 'A6', 'Teknik Informatika'),
(793, '13020230218', 'MUFHADOL HARIS', 'A7', 'Teknik Informatika'),
(794, '13020230219', 'ANDI RIFQI AUNUR RAHMAN', 'A7', 'Teknik Informatika'),
(795, '13020230224', 'ANDI AHSAN ASHURI', 'A7', 'Teknik Informatika'),
(796, '13020230225', 'AHMAD FAUZI FATURRAHMAN', 'A7', 'Teknik Informatika'),
(797, '13020230226', 'MUH. FADHIL FADHULRRAHMAN LAKOTA', 'A7', 'Teknik Informatika'),
(798, '13020230227', 'MUHAMMAD IQBAL HIDAYATTULLOH', 'A7', 'Teknik Informatika'),
(799, '13020230228', 'ANDI MUHAMMAD IHSAN ERAJ P', 'A7', 'Teknik Informatika'),
(800, '13020230229', 'ARYO SYAHPUTRA', 'A7', 'Teknik Informatika'),
(801, '13020230230', 'MUHAMMAD FAUZAN BURHAN', 'A7', 'Teknik Informatika'),
(802, '13020230231', 'ABD. ASIS', 'A7', 'Teknik Informatika'),
(803, '13020230232', 'LAODE MUHAMMAD DHAIFAN KASYFILLAH', 'A7', 'Teknik Informatika'),
(804, '13020230236', 'FARHAM ALFARID MASNUR', 'A7', 'Teknik Informatika'),
(805, '13020230238', 'BAYU FIRNANDA MUHLIS', 'A7', 'Teknik Informatika'),
(806, '13020230239', 'FAKHRIN AHMAD FAUZAN', 'A7', 'Teknik Informatika'),
(807, '13020230240', 'FADEL MUHAMMAD DJEHAN', 'A7', 'Teknik Informatika'),
(808, '13020230242', 'MUH. FARID HIDAYAT', 'A7', 'Teknik Informatika'),
(809, '13020230243', 'AHMAD RAFLI TASLIM', 'A7', 'Teknik Informatika'),
(810, '13020230245', 'MUH ARASY AMIR', 'A7', 'Teknik Informatika'),
(811, '13020230246', 'MOCHAMMAD RHEZNANDYA AL-MADANY', 'A7', 'Teknik Informatika'),
(812, '13020230248', 'WAHYUDI. M', 'A7', 'Teknik Informatika'),
(813, '13020230249', 'AYYAS RADITH SYAPUTRA', 'A7', 'Teknik Informatika'),
(814, '13020230250', 'AKRAM', 'A7', 'Teknik Informatika'),
(815, '13020230251', 'ANDI IKHLAS MALLOMO', 'A7', 'Teknik Informatika'),
(816, '13020230252', 'DWI FATURRAHMAN', 'A7', 'Teknik Informatika'),
(817, '13020230253', 'ZAKI FALIHIN AYYUBI', 'A7', 'Teknik Informatika'),
(818, '13020230254', 'MUHAMMAD FAJAR KADIR', 'A8', 'Teknik Informatika'),
(819, '13020230256', 'MUH RIDHA FAHREZI', 'A8', 'Teknik Informatika'),
(820, '13020230259', 'FADHLURRAHMAN KANZ', 'A8', 'Teknik Informatika'),
(821, '13020230260', 'FAREL DAVA AL FAZAH', 'A8', 'Teknik Informatika'),
(822, '13020230263', 'ELSADIG AHMED ADAM MOALA', 'A8', 'Teknik Informatika'),
(823, '13020230264', 'MOHAMED SAYED AHMED HAMID', 'A8', 'Teknik Informatika'),
(824, '13020230270', 'RIFKY AUNUR RADITYA', 'A8', 'Teknik Informatika'),
(825, '13020230271', 'FATHIRRACHMAN RUSDI', 'A8', 'Teknik Informatika'),
(826, '13020230272', 'ABD. ALIM MAHDY', 'A8', 'Teknik Informatika'),
(827, '13020230273', 'DENI IRFAN', 'A8', 'Teknik Informatika'),
(828, '13020230275', 'MUHAMMAD FADHIL KHAERUDDIN', 'A8', 'Teknik Informatika'),
(829, '13020230276', 'AMRAH', 'A8', 'Teknik Informatika'),
(830, '13020230277', 'ARAFAT', 'A8', 'Teknik Informatika'),
(831, '13020230278', 'YOGA AFRIZAL', 'A8', 'Teknik Informatika'),
(832, '13020230279', 'ILHAM BINTANG', 'A8', 'Teknik Informatika'),
(833, '13020230280', 'KHAERUL AMRI RAHMAT JUFRI', 'A8', 'Teknik Informatika'),
(834, '13020230281', 'HIDAYATULLAH IMRAN', 'A8', 'Teknik Informatika'),
(835, '13020230283', 'MUHAMMAD ILZAM YAHYA', 'A8', 'Teknik Informatika'),
(836, '13020230286', 'WAHYU WIJAYA', 'A8', 'Teknik Informatika'),
(837, '13020230290', 'MUHAMMAD RAFLI', 'A8', 'Teknik Informatika'),
(838, '13020230291', 'YUSRIL M LANTONG', 'A8', 'Teknik Informatika'),
(839, '13020230292', 'MUH FAHROZA ALFITZAR', 'A8', 'Teknik Informatika'),
(840, '13020230293', 'LAODE RAIHAN PRATAMA', 'A8', 'Teknik Informatika'),
(841, '13020230294', 'A. MUHAMMAD NABIL IDRUS', 'A8', 'Teknik Informatika'),
(842, '13020180372', 'MUHAMMAD RIFALDI UMASUGI', 'A9', 'Teknik Informatika'),
(843, '13020230295', 'EKA SASTRA BOMIN', 'A9', 'Teknik Informatika'),
(844, '13020230301', 'MUH. MUSYAHWIR', 'A9', 'Teknik Informatika'),
(845, '13020230302', 'SAHID JAFAR SIDIK KOROMPOT', 'A9', 'Teknik Informatika'),
(846, '13020230303', 'ALDI PRAMUDYA', 'A9', 'Teknik Informatika'),
(847, '13020230304', 'MUHAMMAD FARHAN FAHREZI', 'A9', 'Teknik Informatika'),
(848, '13020230305', 'LAODE FARIZ ZIHNI A. FAJRI', 'A9', 'Teknik Informatika'),
(849, '13020230306', 'RAIHAN NUR RIZQILLAH', 'A9', 'Teknik Informatika'),
(850, '13020230307', 'MUH. TRI PARHAN MAULANA', 'A9', 'Teknik Informatika'),
(851, '13020230308', 'MUHAMMAD AIDHIL AKSAN', 'A9', 'Teknik Informatika'),
(852, '13020230309', 'HENDRAWAN', 'A9', 'Teknik Informatika'),
(853, '13020230310', 'DADANG SAPUTRA ACHMAD', 'A9', 'Teknik Informatika'),
(854, '13020230311', 'MUHAMMAD BINTANG ESYANUARY.R', 'A9', 'Teknik Informatika'),
(855, '13020230312', 'ACHMAD ERSYAD', 'A9', 'Teknik Informatika'),
(856, '13020230313', 'M HANIEF AMINUDDIN', 'A9', 'Teknik Informatika'),
(857, '13020230314', 'MUH. AKBAR TOMPO', 'A9', 'Teknik Informatika'),
(858, '13020230315', 'MUHAMMAD ICHSAN', 'A9', 'Teknik Informatika'),
(859, '13020230317', 'ANDI WIRAWAN JAYA', 'A9', 'Teknik Informatika'),
(860, '13020230318', 'SAHRUL', 'A9', 'Teknik Informatika'),
(861, '13020230319', 'MUH FATWAH FAJRIANSYAH M', 'A9', 'Teknik Informatika'),
(862, '13020230320', 'MUHAMMAD KHAERUL', 'A9', 'Teknik Informatika'),
(863, '13020230321', 'MUHAMMAD ABDILLAH TABRAN', 'A9', 'Teknik Informatika'),
(864, '13020230322', 'MUHAMMAD DZAKI YUDHA PRATAMA', 'A9', 'Teknik Informatika'),
(865, '13020230325', 'MUH. MAHARANI PUTRA BAJENG', 'A9', 'Teknik Informatika'),
(866, '13020230326', 'RESTU ARIEL PRADIPA', 'A9', 'Teknik Informatika'),
(867, '13020230328', 'MOH. HUDRI', 'A10', 'Teknik Informatika'),
(868, '13020230330', 'RHEVAN D KHALID', 'A10', 'Teknik Informatika'),
(869, '13020230331', 'MUHAMMAD IKHLAS SYAHPUTRA', 'A10', 'Teknik Informatika'),
(870, '13020230332', 'MUHAMMAD ISLAMUDDIN', 'A10', 'Teknik Informatika'),
(871, '13020230334', 'MUH. SYAHWAN', 'A10', 'Teknik Informatika'),
(872, '13020230336', 'ABDUL MUSHAWWIR HADI', 'A10', 'Teknik Informatika'),
(873, '13020230337', 'RIFKY AQILA FAJAR SYAM', 'A10', 'Teknik Informatika'),
(874, '13020230340', 'MUH. ABID PUTRA AMRI', 'A10', 'Teknik Informatika'),
(875, '13020230341', 'MUHAMMAD SYAHRUL RAMADHAN', 'A10', 'Teknik Informatika'),
(876, '13020230342', 'M. RIFKY FADHLUR ROHMAN', 'A10', 'Teknik Informatika'),
(877, '13020230343', 'MUHAMMAD SYAHRUL', 'A10', 'Teknik Informatika'),
(878, '13020230344', 'MUHAMMAD FACHRI RIDWAN', 'A10', 'Teknik Informatika'),
(879, '13020230345', 'ZAKIUL FAHMI GUNAWAN', 'A10', 'Teknik Informatika'),
(880, '13020230346', 'MUH. MIFTAH FAUZAN SYENDRA', 'A10', 'Teknik Informatika'),
(881, '13020230349', 'BAGAS NOPRIYANTO', 'A10', 'Teknik Informatika'),
(882, '13020230351', 'M. ITHAF FATTIE', 'A10', 'Teknik Informatika'),
(883, '13020230352', 'ANDI MUHAMMAD AL GIFAHRI ARDIANSYAH', 'A10', 'Teknik Informatika'),
(884, '13020230353', 'M. TAUFIEQURRAHMAN A. ABID', 'A10', 'Teknik Informatika'),
(885, '13020230354', 'FAHRESA ARIF', 'A10', 'Teknik Informatika'),
(886, '13020230355', 'MUHAMMAD RANDEY GIFFARY LAUPE', 'A10', 'Teknik Informatika'),
(887, '13020230356', 'WAHYU ANANDA EKA PUTRA', 'A10', 'Teknik Informatika'),
(888, '13020230357', 'M. WAISAL CORNI', 'A10', 'Teknik Informatika'),
(889, '13020230358', 'SAYYID ZIDANE', 'A10', 'Teknik Informatika'),
(890, '13020230359', 'MUH. REHAN ANUGRAH PRATAMA', 'A10', 'Teknik Informatika'),
(891, '13020230363', 'RESKI SALAM', 'A10', 'Teknik Informatika'),
(892, '13020230364', 'MUH. FARIHIN MUSHAWWIR', 'A10', 'Teknik Informatika'),
(893, '13020230001', 'ALEXANDRIA KAYLA KAZYA PUTRI NUR', 'B1', 'Teknik Informatika'),
(894, '13020230004', 'TRY AZIZAH RAMADHANI', 'B1', 'Teknik Informatika'),
(895, '13020230010', 'NUR AZANI LABADJA', 'B1', 'Teknik Informatika'),
(896, '13020230011', 'NABILA AZZAHRA BASIR', 'B1', 'Teknik Informatika'),
(897, '13020230012', 'AQILAH ZAHRA', 'B1', 'Teknik Informatika'),
(898, '13020230014', 'SITTI HADIJAH', 'B1', 'Teknik Informatika'),
(899, '13020230015', 'WAHYU MELANIE PRATIWI', 'B1', 'Teknik Informatika'),
(900, '13020230026', 'NURVANIA SYAKIR', 'B1', 'Teknik Informatika'),
(901, '13020230028', 'NISA AWALIYAH FAZNI', 'B1', 'Teknik Informatika'),
(902, '13020230029', 'ANDI SHAVIRA ANDRIANI.S', 'B1', 'Teknik Informatika'),
(903, '13020230032', 'ATRIANA', 'B1', 'Teknik Informatika'),
(904, '13020230038', 'SYARAH YANTI', 'B1', 'Teknik Informatika'),
(905, '13020230040', 'NOVA FEBRYNA. A', 'B1', 'Teknik Informatika'),
(906, '13020230043', 'SAHRA ZHAFIRAH', 'B1', 'Teknik Informatika'),
(907, '13020230045', 'NABILAH TIKA MUSHLIHAH THAHIR', 'B1', 'Teknik Informatika'),
(908, '13020230060', 'REZKY ANNISA RAMADHANI ASRI', 'B1', 'Teknik Informatika'),
(909, '13020230063', 'NAZWA SYALAISA HAQ', 'B1', 'Teknik Informatika'),
(910, '13020230065', 'ATIFA AZZAHIRAH', 'B1', 'Teknik Informatika'),
(911, '13020230070', 'ARTIKA SARI MURTI', 'B1', 'Teknik Informatika'),
(912, '13020230073', 'SATRIANI', 'B1', 'Teknik Informatika'),
(913, '13020230084', 'MILDAYANTI', 'B1', 'Teknik Informatika'),
(914, '13020230085', 'GHADIYAHTUL FADIYAH AHMAD', 'B1', 'Teknik Informatika'),
(915, '13020230088', 'NUR AZIZAH', 'B1', 'Teknik Informatika'),
(916, '13020230091', 'ROFIFAH GINA TAMALA', 'B1', 'Teknik Informatika'),
(917, '13020230092', 'AISKA SUCI RAHMADANI SAMIN', 'B1', 'Teknik Informatika'),
(918, '13020230299', 'NUR AWALIA', 'B1', 'Teknik Informatika'),
(919, '13020230316', 'AULYA MAHARANI AHMAD', 'B1', 'Teknik Informatika'),
(920, '13020230323', 'PINGKI AYU RAHMA', 'B1', 'Teknik Informatika'),
(921, '13020230324', 'NURUL USMI', 'B1', 'Teknik Informatika'),
(922, '13020230327', 'REZKY NUR AMALIA. M', 'B1', 'Teknik Informatika'),
(923, '13020230329', 'KHAYLA ALIFIA INDRAWATI', 'B1', 'Teknik Informatika'),
(924, '13020230333', 'PUTRI HABIBA SYARI', 'B1', 'Teknik Informatika'),
(925, '13020230096', 'THALITA SHERLY PUTRI JASMIN', 'B2', 'Teknik Informatika'),
(926, '13020230101', 'AUDITA CAHYANI AMIRUDDIN', 'B2', 'Teknik Informatika'),
(927, '13020230103', 'WULAN RAHMANI', 'B2', 'Teknik Informatika'),
(928, '13020230104', 'SELFI', 'B2', 'Teknik Informatika'),
(929, '13020230105', 'ANAWAY MARYAM TENRISOMPA', 'B2', 'Teknik Informatika'),
(930, '13020230107', 'ZULFATUN', 'B2', 'Teknik Informatika'),
(931, '13020230110', 'WAHYUNI', 'B2', 'Teknik Informatika'),
(932, '13020230112', 'NAYLA ANANDA', 'B2', 'Teknik Informatika'),
(933, '13020230115', 'NUR ANANDA', 'B2', 'Teknik Informatika'),
(934, '13020230117', 'SARWANA', 'B2', 'Teknik Informatika'),
(935, '13020230118', 'RASMAWATI', 'B2', 'Teknik Informatika'),
(936, '13020230120', 'FANISA VIOLENA', 'B2', 'Teknik Informatika'),
(937, '13020230121', 'NUR AQIDAH SAFANIKIAH', 'B2', 'Teknik Informatika'),
(938, '13020230126', 'PUTRI ANANDA SAGITA', 'B2', 'Teknik Informatika'),
(939, '13020230127', 'TIARA AFRINTAN RAMADHANI', 'B2', 'Teknik Informatika'),
(940, '13020230131', 'MUTIARA ABDI', 'B2', 'Teknik Informatika'),
(941, '13020230132', 'WA ODE NAMIDA HEIWA', 'B2', 'Teknik Informatika'),
(942, '13020230137', 'WA ODE RESKY AULIA A.', 'B2', 'Teknik Informatika'),
(943, '13020230139', 'REZKI', 'B2', 'Teknik Informatika'),
(944, '13020230154', 'NAYLA DWI RIANTI PUTRI', 'B2', 'Teknik Informatika'),
(945, '13020230155', 'AQILAH JAMELLYA WULANDARI PUTRISYAH', 'B2', 'Teknik Informatika'),
(946, '13020230163', 'NABILA MAHDIYAH SAMAD', 'B2', 'Teknik Informatika'),
(947, '13020230165', 'SAVERA DEWI NASARINA', 'B2', 'Teknik Informatika'),
(948, '13020230169', 'MARSHA SELMA RAHIM', 'B2', 'Teknik Informatika'),
(949, '13020230339', 'RINA', 'B2', 'Teknik Informatika'),
(950, '13020230170', 'ISYANA PUTRI IRIANTO', 'B3', 'Teknik Informatika'),
(951, '13020230173', 'MUTIAH SHAULATIYA RISWAN', 'B3', 'Teknik Informatika'),
(952, '13020230175', 'REZKY FATIMAH', 'B3', 'Teknik Informatika'),
(953, '13020230176', 'DEWI ANDINI', 'B3', 'Teknik Informatika'),
(954, '13020230180', 'WA ODE WAN AFIFAH AHMAD', 'B3', 'Teknik Informatika'),
(955, '13020230182', 'ALFANNIYA MUTAHHARA', 'B3', 'Teknik Informatika'),
(956, '13020230186', 'AZIZAH MUTHIA SALSABILA', 'B3', 'Teknik Informatika'),
(957, '13020230189', 'SALWA AZAHRAH H. ABD. HADI', 'B3', 'Teknik Informatika'),
(958, '13020230194', 'OKTAVIA RAMADANI', 'B3', 'Teknik Informatika'),
(959, '13020230197', 'AKRAMUNNISA MUSTAMIN', 'B3', 'Teknik Informatika'),
(960, '13020230203', 'SERLY AMALYANTI', 'B3', 'Teknik Informatika'),
(961, '13020230204', 'ALYA PITRA', 'B3', 'Teknik Informatika'),
(962, '13020230205', 'ROZA DHEA ALDAMA IMRAN', 'B3', 'Teknik Informatika'),
(963, '13020230209', 'NURSYADANA M', 'B3', 'Teknik Informatika'),
(964, '13020230211', 'SAL-ZHABILLA AURILIA', 'B3', 'Teknik Informatika'),
(965, '13020230216', 'MUTHIA ZAHRANI', 'B3', 'Teknik Informatika'),
(966, '13020230217', 'SITI SAFIRA TAWETUBUN', 'B3', 'Teknik Informatika'),
(967, '13020230220', 'NAURA AZIFA', 'B3', 'Teknik Informatika'),
(968, '13020230221', 'NASYWA DJUNITIA', 'B3', 'Teknik Informatika'),
(969, '13020230222', 'IRFAYANI', 'B3', 'Teknik Informatika'),
(970, '13020230223', 'MUTIA SALIANTI', 'B3', 'Teknik Informatika'),
(971, '13020230233', 'HIKMALIA', 'B3', 'Teknik Informatika'),
(972, '13020230234', 'NUR MAHDANIA', 'B3', 'Teknik Informatika'),
(973, '13020230235', 'ST. FAIZAH ARIYANTI.S', 'B3', 'Teknik Informatika'),
(974, '13020230237', 'ASTRI ANANDA WULANDARI', 'B3', 'Teknik Informatika'),
(975, '13020230241', 'FIRLI ANASTASYA HAFID', 'B4', 'Teknik Informatika'),
(976, '13020230244', 'RIZQI ANANDA JALIL', 'B4', 'Teknik Informatika'),
(977, '13020230247', 'MUDHIAH YAUMIL AKHIR', 'B4', 'Teknik Informatika'),
(978, '13020230255', 'SITTI LUTFIA', 'B4', 'Teknik Informatika'),
(979, '13020230257', 'RISKA M', 'B4', 'Teknik Informatika'),
(980, '13020230258', 'AUDIAWALIYA PRATIWI UTAMI', 'B4', 'Teknik Informatika'),
(981, '13020230261', 'ANDI MUTIARA AYU LARASATI', 'B4', 'Teknik Informatika'),
(982, '13020230262', 'NI\'MATUN NAYIROH', 'B4', 'Teknik Informatika'),
(983, '13020230265', 'A.NURAENI BINTANG', 'B4', 'Teknik Informatika'),
(984, '13020230267', 'NAZWA JIHAN MASIKA', 'B4', 'Teknik Informatika'),
(985, '13020230268', 'FARAH TSABITAPUTRI AZ ZAHRA', 'B4', 'Teknik Informatika'),
(986, '13020230269', 'NUR REZKI AMALIAH LESTARI', 'B4', 'Teknik Informatika'),
(987, '13020230274', 'NURUL AZIZHA ARSIDIN', 'B4', 'Teknik Informatika'),
(988, '13020230282', 'NUR SALSA IBRAHIM', 'B4', 'Teknik Informatika'),
(989, '13020230284', 'NURHALISA', 'B4', 'Teknik Informatika'),
(990, '13020230285', 'THOYYIBAH', 'B4', 'Teknik Informatika'),
(991, '13020230287', 'ST. RADITHA RAUF', 'B4', 'Teknik Informatika'),
(992, '13020230288', 'ELVA RUHUSTINA', 'B4', 'Teknik Informatika'),
(993, '13020230289', 'ZAHRA RASIFAH', 'B4', 'Teknik Informatika'),
(994, '13020230296', 'A.NURASIZAH', 'B4', 'Teknik Informatika'),
(995, '13020230297', 'SITTI NURHALIMAH', 'B4', 'Teknik Informatika'),
(996, '13020230298', 'NUR WAHYU', 'B4', 'Teknik Informatika'),
(997, '13120230002', 'FIQRI AHYAR MUBARAQ', 'A1', 'Sistem Informasi'),
(998, '13120230003', 'MUH. ANFASYA DWINATA', 'A1', 'Sistem Informasi'),
(999, '13120230005', 'MUHAMMAD I\'TISHAM REDANG', 'A1', 'Sistem Informasi'),
(1000, '13120230006', 'MUH. FIKRY HAIKAL', 'A1', 'Sistem Informasi'),
(1001, '13120230010', 'TAUFIKUR RAMADANI JUNA FIRMANSYAH RUMKEL', 'A1', 'Sistem Informasi'),
(1002, '13120230012', 'IFAN WAHYUDI', 'A1', 'Sistem Informasi'),
(1003, '13120230019', 'WAHYUDIN SARKOL', 'A1', 'Sistem Informasi'),
(1004, '13120230021', 'MUH. TAUFIQ HIDAYAT', 'A1', 'Sistem Informasi'),
(1005, '13120230023', 'DANY DWI KUNCORO', 'A1', 'Sistem Informasi'),
(1006, '13120230024', 'AKHMAD KACHFI', 'A1', 'Sistem Informasi'),
(1007, '13120230033', 'NURFAJRI MUKMIN SAPUTRA', 'A1', 'Sistem Informasi'),
(1008, '13120230039', 'MUH. RIZQULLAH RASUL', 'A1', 'Sistem Informasi'),
(1009, '13120230041', 'MUH ILYAS', 'A1', 'Sistem Informasi'),
(1010, '13120230042', 'MUH. FIKRI AMAR', 'A1', 'Sistem Informasi'),
(1011, '13120230043', 'MUH NAUFAL FIRJATULLAH', 'A1', 'Sistem Informasi'),
(1012, '13120230045', 'MUHAMMAD ARIL ANUGRAH SETIAWAN', 'A1', 'Sistem Informasi'),
(1013, '13120230047', 'MUH. FAIZ RIDHA', 'A1', 'Sistem Informasi'),
(1014, '13120230050', 'MUH FARHAN B', 'A1', 'Sistem Informasi'),
(1015, '13120230051', 'AHMAD ZAHRAN UPUOLAT', 'A1', 'Sistem Informasi'),
(1016, '13120230053', 'ANDI MUH. EGI PRATAMA ARMIN', 'A1', 'Sistem Informasi'),
(1017, '13120230054', 'MUH. ARJUN B', 'A1', 'Sistem Informasi'),
(1018, '13120230001', 'SURYATI', 'B1', 'Sistem Informasi'),
(1019, '13120230004', 'NURUL AZIZAH PUTERI', 'B1', 'Sistem Informasi'),
(1020, '13120230007', 'MILDA SRIANI', 'B1', 'Sistem Informasi'),
(1021, '13120230008', 'ITAMA', 'B1', 'Sistem Informasi'),
(1022, '13120230009', 'KIRANA WAHYU ASTRININGTYAS', 'B1', 'Sistem Informasi'),
(1023, '13120230011', 'NUR HIKMAH CAHYANI. HS', 'B1', 'Sistem Informasi'),
(1024, '13120230013', 'NURLAILA NABILA', 'B1', 'Sistem Informasi'),
(1025, '13120230014', 'DEWI APRILIANI PUTRI', 'B1', 'Sistem Informasi'),
(1026, '13120230015', 'DIANI AMALIA PUTRI ASHARI', 'B1', 'Sistem Informasi'),
(1027, '13120230016', 'ULAN SARI', 'B1', 'Sistem Informasi'),
(1028, '13120230017', 'NUR SYIFA ISNAINI', 'B1', 'Sistem Informasi'),
(1029, '13120230018', 'A. RISKA RAHAYU', 'B1', 'Sistem Informasi'),
(1030, '13120230020', 'YUYUN NURUL SRI REZKY BAHARUDDIN', 'B1', 'Sistem Informasi'),
(1031, '13120230022', 'KANAYA PUTERI MARYUNDA', 'B1', 'Sistem Informasi'),
(1032, '13120230025', 'NABILA ELFIRA WANTI', 'B1', 'Sistem Informasi'),
(1033, '13120230026', 'A. AMALIAH SYAHRIR', 'B1', 'Sistem Informasi'),
(1034, '13120230027', 'ANANDA ISMI PRATIWI', 'B1', 'Sistem Informasi'),
(1035, '13120230028', 'MIFTAFUL JANNAH', 'B1', 'Sistem Informasi'),
(1036, '13120230029', 'SOFIA LAJAHARI', 'B1', 'Sistem Informasi'),
(1037, '13120230030', 'YULIATI LEK', 'B1', 'Sistem Informasi'),
(1038, '13120230031', 'AFRILIA DWI SHADRINA', 'B1', 'Sistem Informasi'),
(1039, '13120230032', 'NUR SA\'ADAH', 'B1', 'Sistem Informasi'),
(1040, '13120230034', 'AINUL MARDHIYAH', 'B1', 'Sistem Informasi'),
(1041, '13120230035', 'ANDI FARISAH ZHAFARINA RIDWAN', 'B1', 'Sistem Informasi'),
(1042, '13120230036', 'HAURA USMAN', 'B1', 'Sistem Informasi'),
(1043, '13120230037', 'ANDI RESKI ISLAMI MUIN', 'B1', 'Sistem Informasi'),
(1044, '13120230038', 'NADIAH ALYA KHIRANI', 'B1', 'Sistem Informasi'),
(1045, '13120230040', 'RIFKA FAUZIAH ANNISA', 'B1', 'Sistem Informasi'),
(1046, '13120230044', 'NABILAH MUTHIAH JULIANI SAMSIR', 'B1', 'Sistem Informasi'),
(1047, '13120230046', 'NADITA AUDINA ASTARI', 'B1', 'Sistem Informasi'),
(1048, '13120230048', 'NURUL HIDAYAH', 'B1', 'Sistem Informasi'),
(1049, '13120230049', 'A. SYIFA NUR SAUQIYA', 'B1', 'Sistem Informasi'),
(1050, '13120230052', 'NUR IREN GASRAWATY', 'B1', 'Sistem Informasi'),
(1051, '13120230058', 'ADILAH BALQIS DHIYAURROHMAN', 'B1', 'Sistem Informasi'),
(5531, '13020230102', 'RIFQY PRATAMA H. JANGGIH', 'A3', 'Teknik Informatika'),
(5532, '13020180224', 'AHMAD ANNAFRAWI', 'A6', 'Teknik Informatika'),
(5533, '13020180366', 'AHMAD FAUZAN SAINLIA', 'A9', 'Teknik Informatika'),
(5534, '13020180081', 'MUH. NOPALDI', 'A10', 'Teknik Informatika'),
(5535, '13020190010', 'MUH ISKANDAR AGUNG BADARUDDIN', 'A10', 'Teknik Informatika'),
(5536, '13020190146', 'SITI RAHMI KELILAUW', 'B4', 'Teknik Informatika'),
(5539, '13020230051', 'RIZKY MAULANA ADITAMA', 'D1', 'Teknik Informatika'),
(5540, '13020230093', 'ELDO LUBAYA TOMO', 'D1', 'Teknik Informatika'),
(5541, '13020230266', 'MUH. RAIHAN RAMADHAN RIDWAN', 'D1', 'Teknik Informatika'),
(5542, '13020200002', 'AHMAD RUSLANDIA PAPUA', 'C2', 'Teknik Informatika'),
(5543, '13020200004', 'M. IQBAL FIRMANSYAH', 'C2', 'Teknik Informatika'),
(5544, '13020200016', 'MUHAMMAD RAIHAN SAPUTRA', 'C2', 'Teknik Informatika'),
(5545, '13020200028', 'MUH. WAHYU HIDAYAT', 'C2', 'Teknik Informatika'),
(5546, '13020200034', 'ARIF RAHMAN', 'C2', 'Teknik Informatika'),
(5547, '13020200036', 'MUHAMMAD SYAWAL ARMA', 'C2', 'Teknik Informatika'),
(5548, '13020200045', 'FADHIL HIDAYAT IBRAHIM', 'C2', 'Teknik Informatika'),
(5549, '13020200051', 'ADAM MALIK', 'C2', 'Teknik Informatika'),
(5550, '13020200081', 'ADRIANSYAH SAPUTRA', 'C2', 'Teknik Informatika'),
(5551, '13020200127', 'MUHAMMAD FAHMI', 'C2', 'Teknik Informatika'),
(5552, '13020200135', 'AINUR RIDHO FAHAY', 'C2', 'Teknik Informatika'),
(5553, '13020200151', 'ACHMAD FADLI', 'C2', 'Teknik Informatika'),
(5554, '13020200152', 'HAMDANI SIDENG', 'C2', 'Teknik Informatika'),
(5555, '13020200155', 'FATHURRAHMAN', 'C2', 'Teknik Informatika'),
(5556, '13020200157', 'MUHAMMAD AKRAM', 'C2', 'Teknik Informatika'),
(5557, '13020200158', 'SAIF SYARIF', 'C2', 'Teknik Informatika'),
(5558, '13020200159', 'M. FAHMI ADRIAN RIDWAN', 'C2', 'Teknik Informatika'),
(5559, '13020200163', 'ANDI MUHAMMAD FARHAN FATUR RAHMAN PUTRA', 'C2', 'Teknik Informatika'),
(5560, '13020200167', 'FATHUR RAHMAN', 'C2', 'Teknik Informatika'),
(5561, '13020200169', 'FARHAN SYARIF', 'C2', 'Teknik Informatika'),
(5562, '13020200170', 'AQIFAH KADIR', 'C2', 'Teknik Informatika'),
(5563, '13020200172', 'M.IQBAL GIBRAN', 'C2', 'Teknik Informatika'),
(5564, '13020200183', 'AZHAR MOHAMMAD RACHMADANI', 'C2', 'Teknik Informatika'),
(5565, '13020200185', 'MUHAMMAD LUTHFI ALDIANSYAH', 'C2', 'Teknik Informatika'),
(5566, '13020200186', 'THIRMIDZI KHOMSA ALI AKBAR', 'C2', 'Teknik Informatika'),
(5567, '13020200191', 'MUHAMMAD RAHMAT ALI', 'C2', 'Teknik Informatika'),
(5568, '13020200193', 'YUSUF PALLOT', 'C2', 'Teknik Informatika'),
(5569, '13020200195', 'MUHAMMAD ABDILLAH FATHIN', 'C2', 'Teknik Informatika'),
(5570, '13020200197', 'MUH. ARHAM', 'C2', 'Teknik Informatika'),
(5571, '13020200201', 'FAJRUL JUANDA', 'C2', 'Teknik Informatika'),
(5572, '13020200204', 'LA ODE RAJANTARA', 'C2', 'Teknik Informatika'),
(5573, '13020200207', 'VERDIANSYAH S BANDOE', 'C2', 'Teknik Informatika'),
(5574, '13020200230', 'MUH ICHSAN ISMAIL', 'C2', 'Teknik Informatika'),
(5575, '13020200252', 'YUSMAN', 'C2', 'Teknik Informatika'),
(5576, '13020200290', 'MUHAMMAD HARI BANGSAWAN', 'C2', 'Teknik Informatika'),
(5577, '13020200316', 'MUHAMMAD RIDZKY', 'C2', 'Teknik Informatika'),
(5578, '13020210230', 'LISNA ARIANI', 'B3', 'Teknik Informatika'),
(5579, '13020210231', 'INDRIANA TAIB', 'B3', 'Teknik Informatika'),
(5580, '13020210236', 'ASPRIANTI INDA CAHYANI JASMANI', 'B3', 'Teknik Informatika'),
(5581, '13020210238', 'RIMA ANANDA NASUTION', 'B3', 'Teknik Informatika'),
(5582, '13020210239', 'SITI NURFADHILAH KADIR', 'B3', 'Teknik Informatika'),
(5583, '13020210241', 'HASLINDA', 'B3', 'Teknik Informatika'),
(5584, '13020210244', 'ATIKAH', 'B3', 'Teknik Informatika'),
(5585, '13020210245', 'ASTRIT PUSPITA UDAR', 'B3', 'Teknik Informatika'),
(5586, '13020210247', 'MARHAMAH BL', 'B3', 'Teknik Informatika'),
(5587, '13020210250', 'FAIZAH NURILMI SYUKUR', 'B3', 'Teknik Informatika'),
(5588, '13020210253', 'WIDYA REVANI DUWILA', 'B3', 'Teknik Informatika'),
(5589, '13020210256', 'SISI AULIANI', 'B3', 'Teknik Informatika'),
(5590, '13020210263', 'A. NURUL AISYA ALDA', 'B3', 'Teknik Informatika'),
(5591, '13020210264', 'HABIBA BASRI', 'B3', 'Teknik Informatika'),
(5592, '13020210273', 'NABILA PUTRI UTAMI MUSTAN', 'B3', 'Teknik Informatika'),
(5593, '13020210275', 'PUTRI AULIA ARIF', 'B3', 'Teknik Informatika'),
(5594, '13020210281', 'NABILA FAUZAN', 'B3', 'Teknik Informatika'),
(5595, '13020210283', 'IKARIMA', 'B3', 'Teknik Informatika'),
(5596, '13020210284', 'ANDI NUR AZIZA.ABBAS', 'B3', 'Teknik Informatika'),
(5597, '13020210288', 'RINA FEBRIYANTI HASJUM', 'B3', 'Teknik Informatika'),
(5598, '13020210297', 'ARSUCI FIDYAWATI', 'B3', 'Teknik Informatika'),
(5599, '13020210302', 'NADYA SALSABILAH', 'B3', 'Teknik Informatika'),
(5600, '13120200037', 'DIPDHA TURFAQINTAR ASWAJ MARZUKI', 'A1', 'Sistem Informasi'),
(5655, '13120230055', 'RHIMA MAGHFIRAH', 'B1', 'Sistem Informasi'),
(5730, '13020200021', 'Fahril', 'A1', 'Teknik Informatika'),
(5733, '13020200037', 'Farhan Setiawan', 'A1', 'Teknik Informatika'),
(5734, '13020200006', 'Fahri M.', 'A1', 'Teknik Informatika'),
(5735, '13020200030', 'Aditya Yusup Efendi', 'A1', 'Teknik Informatika'),
(5736, '13020200022', 'Ridwan', 'A1', 'Teknik Informatika'),
(5737, '13020200007', 'Muhammad Aldo Rifaldi', 'A1', 'Teknik Informatika'),
(5738, '13020200012', 'Andi Armansyah', 'A1', 'Teknik Informatika'),
(5739, '13020200015', 'Dimas Dwi Ardhana', 'A1', 'Teknik Informatika'),
(5741, '13020200020', 'Andi Syafaat', 'A1', 'Teknik Informatika'),
(5743, '13020200039', 'Nuralam Paku Bumi', 'A1', 'Teknik Informatika'),
(5744, '13020200023', 'Andi Muh Fikri Ramadhan', 'A1', 'Teknik Informatika'),
(5745, '13020200043', 'Azka Fito Artama Paputungan', 'A1', 'Teknik Informatika'),
(5746, '13020200026', 'Andi Fauri Muammar', 'A1', 'Teknik Informatika'),
(5747, '13020200029', 'Muhammad Faiq Rahmatullah', 'A1', 'Teknik Informatika'),
(5748, '13020200011', 'Ismail Hb', 'A1', 'Teknik Informatika'),
(5749, '13020200014', 'Muhammad Ma\'ruf Ashari', 'A1', 'Teknik Informatika'),
(5751, '13020200032', 'Muhammad Anugrah Alamsyah', 'A1', 'Teknik Informatika'),
(5752, '13020200024', 'Muh Fikhri Amriansyah A Gasba', 'A1', 'Teknik Informatika'),
(5753, '13020200010', 'Andi Rahmat Fauzy. AM', 'A1', 'Teknik Informatika'),
(5754, '13020200261', 'Wanda Saputra', 'A1', 'Teknik Informatika'),
(5755, '13020200018', 'Rais Trifiransa', 'A1', 'Teknik Informatika'),
(5756, '13020200038', 'Hilmiatsal', 'A1', 'Teknik Informatika'),
(5757, '13120200004', 'A.Ikrar Dermawan', 'A1', 'Teknik Informatika'),
(5759, '13020200035', 'Fathur Rahman Firman Yunus', 'A1', 'Teknik Informatika'),
(5760, '13020200044', 'M.RIVALDAFIFA', 'A2', 'Teknik Informatika'),
(5761, '13020200046', 'MUHAMMAD IRGI', 'A2', 'Teknik Informatika'),
(5762, '13020200056', 'GERY ARDIANSYAH SAPUTRA', 'A2', 'Teknik Informatika'),
(5763, '13020200057', 'MUH.FATHURRAHMANuuuuuuuu?7?77', 'A2', 'Teknik Informatika'),
(5764, '13020200058', 'NURFADLI HIDAYATULLAH', 'A2', 'Teknik Informatika'),
(5765, '13020200059', 'Nur Syamsu Rijal', 'A2', 'Teknik Informatika'),
(5767, '13020200061', 'MUH.ACQMAL FADHILLA LATIEF', 'A2', 'Teknik Informatika'),
(5768, '13020200062', 'AWALUDDIN', 'A2', 'Teknik Informatika'),
(5769, '13020200065', 'FADHIL AKRAM ALBONEH', 'A2', 'Teknik Informatika'),
(5770, '13020200066', 'FIKRI RAMADHAN MACHMUD', 'A2', 'Teknik Informatika'),
(5771, '13020200067', 'ERICK MUHAJIRIN', 'A2', 'Teknik Informatika'),
(5772, '13020200069', 'MUHAMMAD FAHD MZ', 'A2', 'Teknik Informatika'),
(5773, '13020200070', 'ASRUL MAULANA BAHTIAR', 'A2', 'Teknik Informatika'),
(5774, '13020200073', 'SULTAN AZIZ SYAIFULLAH', 'A2', 'Teknik Informatika'),
(5775, '13020200074', 'ARDYANSYA SALMAN', 'A2', 'Teknik Informatika'),
(5776, '13020200076', 'MUH. ZULKIFLI', 'A2', 'Teknik Informatika'),
(5777, '13020200096', 'Billy Suharto', 'A2', 'Teknik Informatika'),
(5778, '3020200077', 'MUHAMMAD HELMI', 'A2', 'Teknik Informatika'),
(5779, '13020200078', 'Muhammad Alif', 'A2', 'Teknik Informatika'),
(5781, '13020200079', 'Andi Muhammad Syahrul Wiradarma', 'A2', 'Teknik Informatika'),
(5782, '13020200085', 'MUHAMMAD YUSRIL SUDARMIN', 'A2', 'Teknik Informatika'),
(5783, '13020200086', 'SULFIKAR', 'A2', 'Teknik Informatika'),
(5784, '13020200088', 'MUH. REZA ADIYUNA', 'A2', 'Teknik Informatika'),
(5785, '13020200090', 'Fatur Rahman', 'A2', 'Teknik Informatika'),
(5786, '13020200094', 'Akbar Rizki Mokoagow', 'A2', 'Teknik Informatika'),
(5787, '13020200089', 'RIFALDI FITRA AKBAR', 'A2', 'Teknik Informatika'),
(5788, '13020200100', 'MOH ISRA GUNARSYAH', 'A3', 'Teknik Informatika'),
(5789, '13020200150', 'ANDI SALMAN ALFARIDZI (ketua)', 'A3', 'Teknik Informatika'),
(5790, '13020200129', 'MUH. FAUZI LARIGAU', 'A3', 'Teknik Informatika'),
(5791, '13020200104', 'Muh Fachreza Ashad', 'A3', 'Teknik Informatika'),
(5792, '13020200148', 'MUH AMMAR ASYRAF', 'A3', 'Teknik Informatika'),
(5793, '13020200112', 'MUH. MA\'RUF ALIBAS', 'A3', 'Teknik Informatika'),
(5794, '13020200139', 'AULIA RIZKI ANANDA', 'A3', 'Teknik Informatika'),
(5795, '13020200137', 'AGIL ATTHARIQ SYAFEI ACHMAD', 'A3', 'Teknik Informatika'),
(5796, '13020200130', 'MUHAMMAD AGUNG MAUGI PAHENDRA', 'A3', 'Teknik Informatika'),
(5797, '13020200133', 'MUHAMMAD SYAHRIAL', 'A3', 'Teknik Informatika'),
(5798, '13020200113', 'Muh.Rully fachrezy ramdhani', 'A3', 'Teknik Informatika'),
(5799, '13020200149', 'MUH. NUR HAFIDZ IIS SIBELA', 'A3', 'Teknik Informatika'),
(5800, '13020200097', 'FIQRY KHAEKAL', 'A3', 'Teknik Informatika'),
(5801, '13020200144', 'MUHAMMAD FAUZY', 'A3', 'Teknik Informatika'),
(5803, '13020200115', 'ILHAM AKBAR', 'A3', 'Teknik Informatika'),
(5804, '13020200131', 'MUH IHSAN AL FAJRI B', 'A3', 'Teknik Informatika'),
(5805, '13020200105', 'MUHAMMAD FAUZI', 'A3', 'Teknik Informatika'),
(5806, '13020200103', 'ADAM ADNAN', 'A3', 'Teknik Informatika'),
(5807, '13020200117', 'ANDI ADRIAN PAROJAI', 'A3', 'Teknik Informatika'),
(5808, '13020200141', 'RIZAL RAHMADANI', 'A3', 'Teknik Informatika'),
(5809, '13020200126', 'LA ODE REYNALD IBRAHIM', 'A3', 'Teknik Informatika'),
(5810, '13020200140', 'FITRADI BAMBANG KUTANA', 'A3', 'Teknik Informatika'),
(5811, '13020200110', 'MUHAMMAD TAUFIK AL-MANAR', 'A3', 'Teknik Informatika'),
(5812, '13020200121', 'DIRGA ANANTA DIFHARGA', 'A3', 'Teknik Informatika'),
(5814, '13020200116', 'MUH. IFLUL FADHUL', 'A3', 'Teknik Informatika'),
(5815, '13020200120', 'MUALLIMIN', 'A3', 'Teknik Informatika'),
(5816, '13020200146', 'A. NOUVAL WIJAYA', 'A3', 'Teknik Informatika'),
(5817, '13020200114', 'MUH. JUFRI HASRULLAH', 'A3', 'Teknik Informatika'),
(5818, '13020200108', 'VICKRI ZAKIAL KANDAHAR', 'A3', 'Teknik Informatika'),
(5820, '13020200180', 'EDITYA ZULFAWWAS', 'A4', 'Teknik Informatika'),
(5824, '13020200182', 'RAFLI KAMARUDDIN ASE', 'A4', 'Teknik Informatika'),
(5825, '13020200154', 'DWIKI REZA BARUNA WIJAYA', 'A4', 'Teknik Informatika'),
(5826, '13020200192', 'NUR AULIA RACHMAT', 'A4', 'Teknik Informatika'),
(5827, '13020200194', 'RACHMAD PATURUNGI ANDREANSYAH', 'A4', 'Teknik Informatika'),
(5828, '13020200196', 'M.ALIF NAUFAL Z SAMMA', 'A4', 'Teknik Informatika'),
(5832, '13020200189', 'AHMAD RAYHAN ALAMSYAH', 'A4', 'Teknik Informatika'),
(5834, '13020200200', 'YUS ANDIKA YUNUS', 'A4', 'Teknik Informatika'),
(5835, '13020200166', 'Muhammad Zulfiqram Rahmat', 'A4', 'Teknik Informatika'),
(5839, '13020200156', 'M.FIKRI SYAHPUTRA HASAN', 'A4', 'Teknik Informatika'),
(5842, '13020200175', 'MUHAMMAD ALGIFARI AYYUB', 'A4', 'Teknik Informatika'),
(5843, '13020200153', 'Moh. Aflah Dzakwan Tawil', 'A4', 'Teknik Informatika'),
(5846, '13020200202', 'ABD.RAJAB', 'A4', 'Teknik Informatika'),
(5847, '13020200199', 'A SYAHRUL GUNAWAN', 'A4', 'Teknik Informatika'),
(5848, '13020200273', 'Muh.Hasrul', 'A6', 'Teknik Informatika'),
(5849, '13020200270', 'WALIYA BARDI B', 'A6', 'Teknik Informatika'),
(5850, '13020200295', 'REZKY GRAHA PERKASA', 'A6', 'Teknik Informatika'),
(5851, '13020200289', 'MUH RESKY FADILLATUL ISROF', 'A6', 'Teknik Informatika'),
(5853, '13020200080', 'Nurul Ilmy Husain', 'B1', 'Teknik Informatika'),
(5854, '13020200064', 'Nur Fadhilah', 'B1', 'Teknik Informatika'),
(5855, '13020200054', 'Amelia Putri Pratiwi', 'B1', 'Teknik Informatika'),
(5856, '13020200098', 'Restutian Arifin', 'B1', 'Teknik Informatika'),
(5857, '13020200068', 'Afriani', 'B1', 'Teknik Informatika'),
(5858, '13020200101', 'Nur Iftitah Awaliah', 'B1', 'Teknik Informatika'),
(5859, '13020200107', 'WD. Shaqina Rafa Naura', 'B1', 'Teknik Informatika'),
(5860, '13020200093', 'Wanda', 'B1', 'Teknik Informatika'),
(5861, '13020200091', 'Arfina Nur Farhanah Kamilah', 'B1', 'Teknik Informatika'),
(5862, '13020200099', 'Astiani Ismail', 'B1', 'Teknik Informatika'),
(5863, '13020200052', 'Nur Asy Syams Sam Ahmad', 'B1', 'Teknik Informatika'),
(5864, '13020200106', 'Annisa Nur Amaalia', 'B1', 'Teknik Informatika'),
(5865, '13020200111', 'Hasni Arrahma Rahman', 'B1', 'Teknik Informatika'),
(5866, '13020200042', 'Fitri Rahayu', 'B1', 'Teknik Informatika'),
(5867, '13020200017', 'Vaudilla', 'B1', 'Teknik Informatika'),
(5868, '13020200047', 'Andi Tenri Fany', 'B1', 'Teknik Informatika'),
(5869, '13020200025', 'Avin Safitri', 'B1', 'Teknik Informatika'),
(5870, '13020200095', 'Alfiyyah', 'B1', 'Teknik Informatika'),
(5871, '13020200001', 'Aulia Putri Utami', 'B1', 'Teknik Informatika'),
(5872, '13020200102', 'Yeyen Herlina', 'B1', 'Teknik Informatika'),
(5873, '13020200075', 'Ayu Purnama', 'B1', 'Teknik Informatika'),
(5874, '13020200053', 'Tiara Huwaida Syahni Thopala', 'B1', 'Teknik Informatika'),
(5875, '13020200119', 'Nurul Ain Syakina', 'B1', 'Teknik Informatika'),
(5876, '13020200005', 'Risky Adila', 'B1', 'Teknik Informatika'),
(5877, '13020200008', 'NURUL FAUZIAH BONTO', 'B1', 'Teknik Informatika'),
(5878, '13020200092', 'Sherin', 'B1', 'Teknik Informatika'),
(5879, '13020200055', 'Silmi Nur Zaskia Wati', 'B1', 'Teknik Informatika'),
(5881, '13020200083', 'Nur Afifah', 'B1', 'Teknik Informatika'),
(5882, '13020200072', 'Mega Islamia', 'B1', 'Teknik Informatika'),
(5883, '13020200050', 'Sulistia Ningsih', 'B1', 'Teknik Informatika'),
(5884, '13020200122', 'Tri Anita Resky Ramadhani', 'B1', 'Teknik Informatika'),
(5885, '13020200071', 'Nurul Fauziah Rauf', 'B1', 'Teknik Informatika'),
(5886, '13020200013', 'Besse Nurfaikah', 'B1', 'Teknik Informatika'),
(5887, '13020200258', 'Muh furqan syam', 'A6', 'Teknik Informatika'),
(5888, '13020200260', 'RIZQY AHMAD FAUZAN', 'A6', 'Teknik Informatika'),
(5890, '13020200259', 'SAMSUL RUMAIN', 'A6', 'Teknik Informatika'),
(5891, '13020200274', 'M.DIMAS TAUFIQURAHMAN', 'A6', 'Teknik Informatika'),
(5892, '13020200265', 'MUHAMMAD ABDILLAH JETTA', 'A6', 'Teknik Informatika'),
(5893, '13020200283', 'Masyhuda Damau', 'A6', 'Teknik Informatika'),
(5894, '13020200310', 'MOH. SYAIBAL RUMAIN', 'A6', 'Teknik Informatika'),
(5896, '13020200205', 'MUH FAJAR SYAFAAT', 'A6', 'Teknik Informatika'),
(5897, '13020200267', 'MUHAMAD SALMAN AL MARKAS', 'A6', 'Teknik Informatika'),
(5899, '13020200294', 'MUHAMMAD AQIL FAJAR AR', 'A6', 'Teknik Informatika'),
(5900, '13020200272', 'Suhardi S', 'A6', 'Teknik Informatika'),
(5901, '13020200286', 'MUH FADLI', 'A6', 'Teknik Informatika'),
(5902, '13020200304', 'MUH RAHMAT', 'A6', 'Teknik Informatika'),
(5903, '13020200288', 'MIFTAHUL HAQ', 'A6', 'Teknik Informatika'),
(5904, '13020200251', 'AFIFAH ABIDAH ARDELIA', 'B3', 'Teknik Informatika'),
(5905, '13020200284', 'ANNISA PRATAMI', 'B3', 'Teknik Informatika'),
(5906, '13020200238', 'DWINGKA AUDITA', 'B3', 'Teknik Informatika'),
(5907, '13020200271', 'IZZAHRA ZALZABILA', 'B3', 'Teknik Informatika'),
(5908, '13020200262', 'JULIA FARAH REZKI', 'B3', 'Teknik Informatika'),
(5909, '13020200234', 'KURNIATI', 'B3', 'Teknik Informatika'),
(5910, '13020200255', 'LINA SORAYA', 'B3', 'Teknik Informatika'),
(5911, '13020200246', 'MAGHFIRA HADI', 'B3', 'Teknik Informatika'),
(5912, '13020200235', 'MARWAH SOMPA', 'B3', 'Teknik Informatika'),
(5913, '13020200243', 'MUDMAINNAH FUNGKARUA', 'B3', 'Teknik Informatika'),
(5914, '13020200268', 'NUHAEDA', 'B3', 'Teknik Informatika'),
(5915, '13020200263', 'NUR ANISA PUTRI', 'B3', 'Teknik Informatika'),
(5916, '13020200242', 'NUR AZIZAH KHOIRUNNISA', 'B3', 'Teknik Informatika'),
(5917, '13020200282', 'NURUL AZIZAH', 'B3', 'Teknik Informatika'),
(5918, '13020200279', 'NURUL REZEKI AMALIA RAUF', 'B3', 'Teknik Informatika'),
(5919, '13020200287', 'PUTRI JAFAR', 'B3', 'Teknik Informatika'),
(5920, '13020200237', 'RAHMADANI', 'B3', 'Teknik Informatika'),
(5921, '13020200280', 'SONIA', 'B3', 'Teknik Informatika'),
(5922, '13020200264', 'UMMI KALSUM', 'B3', 'Teknik Informatika'),
(5923, '13020200248', 'VINASUA AULIA KUSUMA WARDANI', 'B3', 'Teknik Informatika'),
(5924, '13020200269', 'VIRGA CAHYANI PUTRI', 'B3', 'Teknik Informatika'),
(5925, '13020200236', 'YUKIKO ALFAIDZA RAMADHANI', 'B3', 'Teknik Informatika'),
(5926, '13020200292', 'SAKINAH MUTHAHHARI', 'B3', 'Teknik Informatika'),
(5927, '13020200277', 'SHERINA SUGIANTO', 'B3', 'Teknik Informatika'),
(5928, '13020200298', 'Maulaya Ariska', 'B3', 'Teknik Informatika'),
(5929, '13020200309', 'Selviany', 'B3', 'Teknik Informatika'),
(5930, '13020200299', 'Wulandari', 'B3', 'Teknik Informatika'),
(5931, '13020200303', 'Umniah', 'B3', 'Teknik Informatika'),
(5932, '13020200301', 'PUPUT KUSUMA DEWI', 'B3', 'Teknik Informatika'),
(5933, '13020200300', 'ZULFAHMIYAH', 'B3', 'Teknik Informatika'),
(5934, '13020200306', 'MERYNA AULIA', 'B3', 'Teknik Informatika'),
(5935, '13020200319', 'Andi Nabila Ramadhani', 'B3', 'Teknik Informatika'),
(5936, '13020200176', 'Muthi\'ah Ariqah Mutmainnah', 'B2', 'Teknik Informatika'),
(5937, '13020200165', 'Ainur Ridha Surya', 'B2', 'Teknik Informatika'),
(5938, '13020200', 'Nur Hasnah', 'B2', 'Teknik Informatika'),
(5939, '13020200187', 'Andi Eka Nurwana Nasser', 'B2', 'Teknik Informatika'),
(5940, '13020200203', 'Aqifah kadir', 'B2', 'Teknik Informatika'),
(5941, '13020200174', 'RIA FITRIANI PALALLO', 'B2', 'Teknik Informatika'),
(5942, '13020200145', 'Intan Novita Saly', 'B2', 'Teknik Informatika'),
(5943, '13020200171', 'Firdayanti A.Syam', 'B2', 'Teknik Informatika'),
(5945, '13020200179', 'Sitti Hajar Ziana', 'B2', 'Teknik Informatika'),
(5946, '13020200162', 'Mita Alpira', 'B2', 'Teknik Informatika'),
(5947, '13020200233', 'Nurazisah Ahmad', 'B2', 'Teknik Informatika'),
(5948, '13020200229', 'Alisma', 'B2', 'Teknik Informatika'),
(5949, '13020200134', 'Putri Muliana', 'B2', 'Teknik Informatika'),
(5950, '13020200128', 'Audrey Siregar', 'B2', 'Teknik Informatika'),
(5951, '13020200123', 'Nurul Ifani Ilyas', 'B2', 'Teknik Informatika'),
(5952, '13020200177', 'Aulia Maharani Putri Imallingkaan', 'B2', 'Teknik Informatika'),
(5953, '13020200206', 'Nurul Hikma', 'B2', 'Teknik Informatika'),
(5954, '13020200161', 'Mia Masyta Patunrangi', 'B2', 'Teknik Informatika'),
(5955, '13020200198', 'Wiranti Maripadang', 'B2', 'Teknik Informatika'),
(5956, '13020200125', 'Rifdatul Wafiah Pawallungi', 'B2', 'Teknik Informatika'),
(5957, '13020200211', 'Nur Anisa Basri', 'B2', 'Teknik Informatika'),
(5958, '13020200143', 'Nur Adhryanti', 'B2', 'Teknik Informatika'),
(5959, '13020200188', 'Naila Aqilah Landung', 'B2', 'Teknik Informatika'),
(5960, '13020200178', 'Vira Oktaviani', 'B2', 'Teknik Informatika'),
(5961, '13020200142', 'Radiah Auliah Muhlis', 'B2', 'Teknik Informatika'),
(5962, '13020200228', 'Rezky Amaliah.S', 'B2', 'Teknik Informatika'),
(5964, '13020200136', 'Faida Daeng Bustam', 'B2', 'Teknik Informatika'),
(5965, '13020200254', 'M.AKIL', 'A5', 'Teknik Informatika'),
(5967, '13020200208', 'MUH ALDI SYAHRIR', 'A5', 'Teknik Informatika'),
(5968, '13020200209', 'RIDHO ANUGRAH ALBANJARI', 'A5', 'Teknik Informatika'),
(5969, '13020200210', 'MUH IRSYAD', 'A5', 'Teknik Informatika'),
(5970, '13020200212', 'MUH DANY NUR', 'A5', 'Teknik Informatika'),
(5971, '13020200213', 'MUHAMMAD FAUZAN FATHURRAHMAN', 'A5', 'Teknik Informatika'),
(5972, '13020200214', 'NASRUL HAQ', 'A5', 'Teknik Informatika'),
(5973, '13020200216', 'MUH FARHAM MUSTAMIN', 'A5', 'Teknik Informatika'),
(5974, '13020200217', 'ADE GUSTIYONO', 'A5', 'Teknik Informatika'),
(5975, '13020200218', 'MUH AZMI BIN MUH AMIN', 'A5', 'Teknik Informatika'),
(5976, '13020200220', 'BAGUS PRATAMA MANSUR', 'A5', 'Teknik Informatika'),
(5977, '13020200221', 'FERRI ARDIWINATA', 'A5', 'Teknik Informatika'),
(5978, '13020200223', 'A. AKMAL', 'A5', 'Teknik Informatika'),
(5979, '13020200224', 'MUH AFIF THABBARAH', 'A5', 'Teknik Informatika'),
(5980, '13020200226', 'RIFALDI DWI ANUGRAH', 'A5', 'Teknik Informatika'),
(5981, '13020200227', 'MUH HUSAIFI', 'A5', 'Teknik Informatika'),
(5983, '13020200232', 'MUHAMMAD FAHRUL ALIM', 'A5', 'Teknik Informatika'),
(5984, '13020200240', 'MUH TAUFIK RIFAAT', 'A5', 'Teknik Informatika'),
(5985, '13020200245', 'FAJRI', 'A5', 'Teknik Informatika'),
(5986, '13020200247', 'ARIF FAHRIZAL LAUNU', 'A5', 'Teknik Informatika'),
(5987, '13020200250', 'RISAL MAMUN', 'A5', 'Teknik Informatika'),
(5989, '13020200257', 'MAULANA NURUDDIN DJAMIN', 'A5', 'Teknik Informatika'),
(5990, '13020200239', 'SYAFRUDIN', 'A5', 'Teknik Informatika'),
(5991, '13020200244', 'MUH FIQRI FACHREZI IKHSAN', 'A5', 'Teknik Informatika'),
(5992, '13020200253', 'ANDI MUH. NAWAAF HIBATULLAH', 'A5', 'Teknik Informatika'),
(5993, '13020200219', 'IBNU HASYIM SURIANTO', 'A5', 'Teknik Informatika'),
(5994, '13020200256', 'M.NUR ICHSAN IN', 'A5', 'Teknik Informatika'),
(5995, '13020200231', 'MUHAMMAD FAIQ HAFIZH FATIHAH', 'A5', 'Teknik Informatika'),
(5997, '13020200225', 'ADNAN AL AFGHANI', 'A5', 'Teknik Informatika'),
(5998, '13020200222', 'ANDI MATTINIO', 'A5', 'Teknik Informatika'),
(5999, '13020190014', 'Ali Munawir', 'A1', 'Teknik Informatika'),
(6000, '13020190053', 'Aditya Ramadan', 'A1', 'Teknik Informatika'),
(6001, '13020190054', 'Muhammad Zaki Farhan', 'A1', 'Teknik Informatika'),
(6002, '13020190005', 'Muhammad Farhan Syam', 'A1', 'Teknik Informatika'),
(6003, '13020190001', 'Bayu Rizky Rachman', 'A1', 'Teknik Informatika'),
(6004, '13020190027', 'A Muh Fahrial S', 'A1', 'Teknik Informatika'),
(6005, '13020190037', 'Achmad Agung Sultan', 'A1', 'Teknik Informatika'),
(6006, '13020190019', 'Muhammad Fahmi', 'A1', 'Teknik Informatika'),
(6007, '13020190051', 'Muh Arif Setia Budi', 'A1', 'Teknik Informatika'),
(6008, '13020190055', 'Muhammad Fahrizal', 'A1', 'Teknik Informatika'),
(6009, '13020190047', 'Gilang Pratama', 'A1', 'Teknik Informatika'),
(6010, '13020190036', 'Yahya Hidayat Al-Munawar', 'A1', 'Teknik Informatika'),
(6011, '13020190057', 'Fauzan Azima', 'A1', 'Teknik Informatika'),
(6012, '13020190025', 'Muhammad Taqwa', 'A1', 'Teknik Informatika'),
(6013, '13020190035', 'Wandi Anggara', 'A1', 'Teknik Informatika'),
(6014, '13020190065', 'Rezky Saputra Arief', 'A1', 'Teknik Informatika'),
(6015, '13020190003', 'Muh. Sahrul Abidin', 'A1', 'Teknik Informatika'),
(6016, '13020190058', 'Muhammad Ilham', 'A1', 'Teknik Informatika'),
(6017, '13020190009', 'Suallis', 'A1', 'Teknik Informatika'),
(6018, '13020190064', 'Andi Irnal', 'A1', 'Teknik Informatika'),
(6019, '13020190050', 'Muhammad Farhan Fakhrezi', 'A1', 'Teknik Informatika'),
(6021, '13020190002', 'Lebrianto Aljum', 'A1', 'Teknik Informatika'),
(6022, '13020190015', 'Muhammad Fauzan Patta', 'A1', 'Teknik Informatika'),
(6023, '13020190033', 'Wawan Ismail', 'A1', 'Teknik Informatika'),
(6024, '13020190083', 'Muhid Mustari', 'A2', 'Teknik Informatika'),
(6025, '13020190084', 'Ikmar Mawardi', 'A2', 'Teknik Informatika'),
(6026, '13020190086', 'Zahrizhal Ali', 'A2', 'Teknik Informatika'),
(6027, '13020190075', 'Situru', 'A2', 'Teknik Informatika'),
(6028, '13020190112', 'Muhammad Esah sean', 'A2', 'Teknik Informatika'),
(6029, '13020190114', 'Moh.Fitrah Bachtiar', 'A2', 'Teknik Informatika'),
(6030, '13020190106', 'Abdun Nur Salam', 'A2', 'Teknik Informatika'),
(6031, '13020190090', 'Reza Wahyu Gunawan', 'A2', 'Teknik Informatika'),
(6032, '13020190068', 'Muh. Fadhil Aly Caesar', 'A2', 'Teknik Informatika'),
(6033, '13020190100', 'Andi Muh. Azham Sainal', 'A2', 'Teknik Informatika'),
(6034, '13020190069', 'Muhammad Al Muntazhar Madewing', 'A2', 'Teknik Informatika'),
(6035, '13020190099', 'Syahrul Ramadhan Sudirman', 'A2', 'Teknik Informatika'),
(6036, '13020190088', 'Adryan Dwiprawira Munaf', 'A2', 'Teknik Informatika'),
(6037, '13020190070', 'Andi Khairul Umam', 'A2', 'Teknik Informatika'),
(6038, '13020190109', 'Arjun', 'A2', 'Teknik Informatika'),
(6039, '13020190082', 'Rahman', 'A2', 'Teknik Informatika'),
(6040, '13020190091', 'Moh. Rio Malik Asri Wase', 'A2', 'Teknik Informatika'),
(6041, '13020190078', 'Achmad Fauzan Sunardi', 'A2', 'Teknik Informatika'),
(6043, '13020190066', 'Agus Sukardi Nasrullah', 'A2', 'Teknik Informatika'),
(6044, '13020190076', 'Asran', 'A2', 'Teknik Informatika'),
(6045, '13020190072', 'Muh. Haeder L', 'A2', 'Teknik Informatika'),
(6046, '13020190087', 'Ade Suhendra', 'A2', 'Teknik Informatika'),
(6047, '13020190110', 'Muh. Kifayatunnur Idris', 'A2', 'Teknik Informatika'),
(6048, '13020190113', 'Ilhamsyah Putra', 'A2', 'Teknik Informatika'),
(6049, '13020190116', 'Indirwan Ramadhan', 'A2', 'Teknik Informatika'),
(6050, '13020190096', 'A. Anugrah Aqsa', 'A2', 'Teknik Informatika'),
(6051, '13020190074', 'Muh. Yeyen Dwi Suherman', 'A2', 'Teknik Informatika'),
(6052, '13020190080', 'Rahmat A', 'A2', 'Teknik Informatika'),
(6053, '13020190117', 'Isran', 'A2', 'Teknik Informatika'),
(6054, '13020190103', 'Muhammad Farhan', 'A2', 'Teknik Informatika'),
(6055, '13020190038', 'Ratu sartika', 'B1', 'Teknik Informatika'),
(6056, '13020190007', 'Sri Wulandari Samsul', 'B1', 'Teknik Informatika'),
(6057, '13020190031', 'Khusnul Amaliah Dahlan', 'B1', 'Teknik Informatika'),
(6058, '13020190056', 'Andi Nur Aisyah', 'B1', 'Teknik Informatika'),
(6059, '13020190030', 'Sitti Megawati Makmur', 'B1', 'Teknik Informatika'),
(6060, '13020190008', 'Nadia Astia Windi', 'B1', 'Teknik Informatika'),
(6061, '13020190029', 'Nur Rezky Amalia Haeruddin', 'B1', 'Teknik Informatika'),
(6062, '13020190059', 'Aenun firdayani', 'B1', 'Teknik Informatika'),
(6063, '13020190004', 'Nur\'aini Azzahra Alamsyahputri', 'B1', 'Teknik Informatika'),
(6064, '13020190032', 'Siti Nur Annisa', 'B1', 'Teknik Informatika'),
(6065, '13020190022', 'Andi Nur Indah Safitri', 'B1', 'Teknik Informatika'),
(6066, '13020190060', 'Nur Amalia', 'B1', 'Teknik Informatika'),
(6067, '13020190013', 'Inayasanti Sudarlina', 'B1', 'Teknik Informatika'),
(6068, '13020190045', 'Nabila Vita Dewi', 'B1', 'Teknik Informatika'),
(6069, '13020190071', 'Juliyanti Nur Musdalifa', 'B1', 'Teknik Informatika'),
(6070, '13020190061', 'Amalia', 'B1', 'Teknik Informatika'),
(6071, '13020190034', 'Asti Nurul Fadhilah', 'B1', 'Teknik Informatika'),
(6072, '13020190016', 'Zahwa Syarifuddin', 'B1', 'Teknik Informatika'),
(6073, '13020190048', 'Dian Oktavia', 'B1', 'Teknik Informatika'),
(6075, '13020190079', 'Miftahul Jannah', 'B1', 'Teknik Informatika'),
(6076, '13020190042', 'Nurfauziyah', 'B1', 'Teknik Informatika'),
(6077, '13020190017', 'Wa Ode Siti Rahmi Saleha', 'B1', 'Teknik Informatika'),
(6078, '13020190021', 'Sari Julisnaini Selang', 'B1', 'Teknik Informatika'),
(6079, '13020190012', 'Dewanti Oihuw', 'B1', 'Teknik Informatika'),
(6080, '13020190073', 'Indah Khairunnisa', 'B1', 'Teknik Informatika'),
(6081, '13020190049', 'Shafira Nurul Pratiwi', 'B1', 'Teknik Informatika'),
(6082, '13020190020', 'Rizky Awalia', 'B1', 'Teknik Informatika'),
(6083, '13020190018', 'Wa Ode Nadya Emelia', 'B1', 'Teknik Informatika'),
(6085, '13020190024', 'Putri Fadhillah', 'B1', 'Teknik Informatika'),
(6086, '13020190046', 'Nur Afni', 'B1', 'Teknik Informatika');
INSERT INTO `mahasiswa` (`id_mahasiswa`, `nim`, `nama`, `kelas`, `jurusan`) VALUES
(6087, '13020190040', 'Nurhikmah Judis', 'B1', 'Teknik Informatika'),
(6088, '13020190182', 'Aulia Rezky Rahmadani', 'B2', 'Teknik Informatika'),
(6089, '13020190093', 'Fitriah Agus', 'B2', 'Teknik Informatika'),
(6090, '13020190172', 'Andi Dewi Ayu Syafrida Rauf', 'B2', 'Teknik Informatika'),
(6091, '13020190159', 'Adela Regita Azzahra', 'B2', 'Teknik Informatika'),
(6092, '13020190171', 'Dinna Zahirah', 'B2', 'Teknik Informatika'),
(6093, '13020190185', 'A. Nurjulianty', 'B2', 'Teknik Informatika'),
(6094, '13020190102', 'Andi Vani Sri Lestari', 'B2', 'Teknik Informatika'),
(6095, '13020190150', 'Nurul Umayah Hafilda', 'B2', 'Teknik Informatika'),
(6096, '13020190129', 'Sunarti Passura Backar', 'B2', 'Teknik Informatika'),
(6097, '13020190124', 'Amina Amir', 'B2', 'Teknik Informatika'),
(6098, '13020190133', 'Cholisah Erman Hasihi', 'B2', 'Teknik Informatika'),
(6099, '13020190104', 'Mutmainnah', 'B2', 'Teknik Informatika'),
(6100, '13020190165', 'Nadya Salsabila Maaruf', 'B2', 'Teknik Informatika'),
(6101, '13020190154', 'Diah Septiany Aninda', 'B2', 'Teknik Informatika'),
(6102, '13020190094', 'Nur Riski Amalia', 'B2', 'Teknik Informatika'),
(6103, '13020190144', 'mutia nurul ilmi', 'B2', 'Teknik Informatika'),
(6104, '13020190140', 'Hartina', 'B2', 'Teknik Informatika'),
(6105, '13020190187', 'Wan Ahfidah', 'B2', 'Teknik Informatika'),
(6106, '13020190111', 'Annisa Muftihaturrahma Alwi', 'B2', 'Teknik Informatika'),
(6107, '13020190092', 'Hikma Arianti', 'B2', 'Teknik Informatika'),
(6108, '13020190115', 'Indriani', 'B2', 'Teknik Informatika'),
(6109, '13020190098', 'Khayyirah Annisa Qurratu\'ain', 'B2', 'Teknik Informatika'),
(6110, '13020190170', 'Hikma Rahmadhani', 'B2', 'Teknik Informatika'),
(6111, '13020190108', 'Dewi Ratnasari', 'B2', 'Teknik Informatika'),
(6112, '13020190095', 'Naila Faradiba', 'B2', 'Teknik Informatika'),
(6113, '13020190176', 'Alfitriana Riska', 'B2', 'Teknik Informatika'),
(6114, '13020190156', 'Rahmania', 'B2', 'Teknik Informatika'),
(6115, '13020190097', 'Zuhdiyyah Khan', 'B2', 'Teknik Informatika'),
(6116, '13020190136', 'Haerunnisa', 'B2', 'Teknik Informatika'),
(6117, '13020190177', 'Imtitsal Afifah', 'B2', 'Teknik Informatika'),
(6118, '13020190178', 'Yaumil Rahma', 'B2', 'Teknik Informatika'),
(6119, '13020190122', 'Putri Regina Prayoga', 'B2', 'Teknik Informatika'),
(6120, '13020190280', 'Anugerah Imada', 'B3', 'Teknik Informatika'),
(6121, '13020190205', 'Yunisya Widya Pangestika A.W', 'B3', 'Teknik Informatika'),
(6122, '13020190285', 'Andi Alyah Waris', 'B3', 'Teknik Informatika'),
(6123, '13020190242', 'Indira Hanan Sahirah', 'B3', 'Teknik Informatika'),
(6124, '13020190295', 'Sheila Nur Afni Zafitri', 'B3', 'Teknik Informatika'),
(6125, '13020190210', 'Zakia Tul Ramadhan', 'B3', 'Teknik Informatika'),
(6126, '13020190201', 'Nurul Alfiyyah', 'B3', 'Teknik Informatika'),
(6127, '13020190272', 'Mulianty Cipta Irja', 'B3', 'Teknik Informatika'),
(6128, '13020190256', 'Putri Resky Iriana', 'B3', 'Teknik Informatika'),
(6129, '13020190273', 'Nurul Musyawirah', 'B3', 'Teknik Informatika'),
(6130, '13020190221', 'A. Nahdia Asmadi', 'B3', 'Teknik Informatika'),
(6131, '13020190245', 'Mega Asfirawati Daris', 'B3', 'Teknik Informatika'),
(6132, '13020190292', 'Novi Prianty Ningsih', 'B3', 'Teknik Informatika'),
(6133, '13020190266', 'Sarah Fila Nurul Fitri H', 'B3', 'Teknik Informatika'),
(6134, '13020190287', 'Dian Azurah', 'B3', 'Teknik Informatika'),
(6135, '13020190214', 'Nur Jannah Muh. Ali Hamid', 'B3', 'Teknik Informatika'),
(6136, '13020190302', 'Nurhikma', 'B3', 'Teknik Informatika'),
(6137, '13020190270', 'Atifa Aini', 'B3', 'Teknik Informatika'),
(6138, '13020190199', 'Nadia Arianto', 'B3', 'Teknik Informatika'),
(6139, '13020190247', 'Alya Zalvadila', 'B3', 'Teknik Informatika'),
(6140, '13020190264', 'Eliza Zulkarnain', 'B3', 'Teknik Informatika'),
(6141, '13020190275', 'Annisa Ahsani Mukti', 'B3', 'Teknik Informatika'),
(6142, '13020190293', 'Rini Alfia Marni', 'B3', 'Teknik Informatika'),
(6143, '13020190269', 'Fivi Aldayanti Johan', 'B3', 'Teknik Informatika'),
(6144, '13020190291', 'Sri Ulfa Dwiyanti', 'B3', 'Teknik Informatika'),
(6145, '13020190294', 'Alfatihah Azzahra Rusli', 'B3', 'Teknik Informatika'),
(6146, '13020190262', 'Radilsha Puspita Maharani', 'B3', 'Teknik Informatika'),
(6147, '13020190236', 'Khusnul khotimah', 'B3', 'Teknik Informatika'),
(6148, '13020190189', 'Fitra Yonanda', 'B3', 'Teknik Informatika'),
(6149, '13020190248', 'Fifi Febrianti Usman', 'B3', 'Teknik Informatika'),
(6150, '13020190342', 'Nurul Qoma\'riah', 'B4', 'Teknik Informatika'),
(6151, '13020190391', 'Zahra Amalia Bahar', 'B4', 'Teknik Informatika'),
(6152, '13020190303', 'Afifah Izzah', 'B4', 'Teknik Informatika'),
(6153, '13020190379', 'Andi Resky Amaliah', 'B4', 'Teknik Informatika'),
(6154, '13020190358', 'Muhsina', 'B4', 'Teknik Informatika'),
(6155, '13020190405', 'Ummy Marleni', 'B4', 'Teknik Informatika'),
(6156, '13020190404', 'Sri Handayani Gusna', 'B4', 'Teknik Informatika'),
(6157, '13020190325', 'Farida Ridwan', 'B4', 'Teknik Informatika'),
(6158, '13020190304', 'Jumrayanti', 'B4', 'Teknik Informatika'),
(6159, '13020190329', 'Azmi Nur Alam', 'B4', 'Teknik Informatika'),
(6160, '13020190407', 'Husnul Chotimah', 'B4', 'Teknik Informatika'),
(6161, '13020190327', 'Mulyana', 'B4', 'Teknik Informatika'),
(6162, '13020190319', 'Nurjannah Eka Putri', 'B4', 'Teknik Informatika'),
(6163, '13020190317', 'Inka Aprinilla', 'B4', 'Teknik Informatika'),
(6164, '13020190331', 'Elsha', 'B4', 'Teknik Informatika'),
(6165, '13020190341', 'Eka Amalia', 'B4', 'Teknik Informatika'),
(6166, '13020190410', 'Ananda Amrah Gerhana', 'B4', 'Teknik Informatika'),
(6167, '13020190401', 'Annisa Febrianti', 'B4', 'Teknik Informatika'),
(6168, '13020190403', 'Nurlinda', 'B4', 'Teknik Informatika'),
(6169, '13020190406', 'Mulyanti Baso', 'B4', 'Teknik Informatika'),
(6170, '13020190408', 'Hasrah Wahyuni', 'B4', 'Teknik Informatika'),
(6171, '13020190409', 'Nur Fadila', 'B4', 'Teknik Informatika'),
(6172, '13020190385', 'Alifah Nurhana Hawangtika', 'B4', 'Teknik Informatika'),
(6173, '13020190323', 'Aqsa Almaaidah Alimun', 'B4', 'Teknik Informatika'),
(6174, '13020190311', 'Reyna Aprilia Rahma', 'B4', 'Teknik Informatika'),
(6175, '13020190335', 'Nur Rahmah', 'B4', 'Teknik Informatika'),
(6176, '13020190392', 'Nur Ratnasari', 'B4', 'Teknik Informatika'),
(6177, '13020190307', 'Khaeril Wahyu Cahyadi', 'D1', 'Teknik Informatika'),
(6178, '13020190107', 'Chindy Ariany', 'D1', 'Teknik Informatika'),
(6179, '13020190232', 'Epri Setio Aji', 'D1', 'Teknik Informatika'),
(6180, '13020190138', 'Alifia Maghfiratin Zahra', 'D1', 'Teknik Informatika'),
(6181, '13020190198', 'Firman Ridwan', 'D1', 'Teknik Informatika'),
(6182, '13020190388', 'Muhammad Ardiansyah', 'D1', 'Teknik Informatika'),
(6183, '13020190203', 'Hairul', 'D1', 'Teknik Informatika'),
(6184, '13020190157', 'Fadlan Hasan', 'D1', 'Teknik Informatika'),
(6185, '13020190361', 'Andi Muhammad Lathief', 'D1', 'Teknik Informatika'),
(6186, '13020190228', 'Syafrian', 'D1', 'Teknik Informatika'),
(6187, '13020190137', 'M Ilham Muin', 'A3', 'Teknik Informatika'),
(6188, '13020190127', 'Muhammad Fikri Al kautsar', 'A3', 'Teknik Informatika'),
(6189, '13020190166', 'Reza Bhoselkani', 'A3', 'Teknik Informatika'),
(6190, '13020190134', 'Mutawakkil S', 'A3', 'Teknik Informatika'),
(6191, '13020190153', 'Andi Laden Shamil Arnoli', 'A3', 'Teknik Informatika'),
(6192, '13020190155', 'Irham', 'A3', 'Teknik Informatika'),
(6193, '13020190145', 'Ahmad Fahreza', 'A3', 'Teknik Informatika'),
(6194, '13020190126', 'Muh. Resky Ramadhan', 'A3', 'Teknik Informatika'),
(6195, '13020190149', 'Muh. Fachrisyam', 'A3', 'Teknik Informatika'),
(6196, '13020190142', 'Muh.Said.M', 'A3', 'Teknik Informatika'),
(6197, '13020190160', 'Zul Fahmi Rijal', 'A3', 'Teknik Informatika'),
(6198, '13020190152', 'M. Farhan Awaluddin', 'A3', 'Teknik Informatika'),
(6199, '13020190243', 'Dimas Anggorojati Lastiko B.', 'A5', 'Teknik Informatika'),
(6200, '13020190251', 'Jalaludin Rumi Iskandar', 'A5', 'Teknik Informatika'),
(6201, '13020190249', 'Aidil Wijaya Kusuma', 'A5', 'Teknik Informatika'),
(6202, '13020190244', 'Syach Maulana Rauf', 'A5', 'Teknik Informatika'),
(6203, '13020190231', 'Ananda Fachrizal Munier', 'A5', 'Teknik Informatika'),
(6204, '13020190237', 'Rusman RM', 'A5', 'Teknik Informatika'),
(6205, '13020190240', 'A. Firman Gani', 'A5', 'Teknik Informatika'),
(6206, '13020190259', 'Ismaldyka', 'A5', 'Teknik Informatika'),
(6207, '13020190233', 'Muliadi', 'A5', 'Teknik Informatika'),
(6208, '13020190255', 'Ridwan', 'A5', 'Teknik Informatika'),
(6209, '13020190238', 'Chandra Riyadi', 'A5', 'Teknik Informatika'),
(6210, '13020190254', 'Muh. Hilal Modi', 'A5', 'Teknik Informatika'),
(6211, '13020190258', 'Rhenaldy. S.M', 'A5', 'Teknik Informatika'),
(6212, '13020190260', 'Muhammad Taufik Hidayah', 'A5', 'Teknik Informatika'),
(6213, '13020190263', 'Muh. Fauzil Anasara', 'A5', 'Teknik Informatika'),
(6214, '13020190257', 'Andi Maulana Amier', 'A5', 'Teknik Informatika'),
(6215, '13020190246', 'Arya Nanda Pratama Pagala', 'A5', 'Teknik Informatika'),
(6216, '13020190252', 'Muh. Zhafar Zahara', 'A5', 'Teknik Informatika'),
(6217, '13020190229', 'Yuslandik', 'A5', 'Teknik Informatika'),
(6218, '13020190224', 'Dwi Ahmad Asri Hidayat', 'A5', 'Teknik Informatika'),
(6219, '13020190239', 'Ahmad Qayyum Ibnu Hidayat', 'A5', 'Teknik Informatika'),
(6220, '13020190265', 'M. Arif', 'A5', 'Teknik Informatika'),
(6221, '13020190268', 'Asrijal M', 'A5', 'Teknik Informatika'),
(6222, '13020190253', 'Muhammad Firman M.S', 'A5', 'Teknik Informatika'),
(6223, '13020190261', 'Nugraha Wanaspati', 'A5', 'Teknik Informatika'),
(6224, '13020190267', 'Arul', 'A5', 'Teknik Informatika'),
(6225, '13020190222', 'Fajar Ramadhan', 'A5', 'Teknik Informatika'),
(6226, '13020190227', 'Arief Fachmil', 'A5', 'Teknik Informatika'),
(6227, '13020190271', 'Zulham jaya Syafar', 'A5', 'Teknik Informatika'),
(6228, '13020190230', 'Adhitya Nugraha', 'A5', 'Teknik Informatika'),
(6230, '13020190377', 'Moehammad Chaidir Amir', 'A8', 'Teknik Informatika'),
(6232, '13020190394', 'Muhammad Iqram', 'A8', 'Teknik Informatika'),
(6233, '13020190386', 'Ananda fauzan', 'A8', 'Teknik Informatika'),
(6234, '13020190400', 'Dandi Nugraha', 'A8', 'Teknik Informatika'),
(6235, '13020190402', 'Reyhan hafizh', 'A8', 'Teknik Informatika'),
(6236, '13020190395', 'Afrian', 'A8', 'Teknik Informatika'),
(6237, '13020190384', 'Muh. Raafi Ichsan', 'A8', 'Teknik Informatika'),
(6238, '13020190390', 'Aan Rama Kurniawan', 'A8', 'Teknik Informatika'),
(6239, '13020190381', 'Andri Rajsya', 'A8', 'Teknik Informatika'),
(6241, '13020190399', 'Muammar kadafi', 'A8', 'Teknik Informatika'),
(6242, '13020190380', 'Fachrul Ramadhan A', 'A8', 'Teknik Informatika'),
(6243, '13020190376', 'Muh. Fadel Akbar', 'A8', 'Teknik Informatika'),
(6244, '13020190411', 'Muh Arifandi AR', 'A8', 'Teknik Informatika'),
(6245, '13020190418', 'Ismunandar Muis', 'A8', 'Teknik Informatika'),
(6246, '13020190416', 'Muh. Althaaf Affan', 'A8', 'Teknik Informatika'),
(6247, '13020190322', 'Andi Muhammad Halis', 'A6', 'Teknik Informatika'),
(6248, '13020190281', 'Firmansyah', 'A6', 'Teknik Informatika'),
(6249, '13020190301', 'Muhammad Satria Putra Trinanda', 'A6', 'Teknik Informatika'),
(6250, '13020190284', 'Rahmat S', 'A6', 'Teknik Informatika'),
(6251, '13020190277', 'Syarief Hidayatullah', 'A6', 'Teknik Informatika'),
(6252, '13020190326', 'Reza Ariyanto', 'A6', 'Teknik Informatika'),
(6253, '13020190298', 'Muchlis Faulah', 'A6', 'Teknik Informatika'),
(6254, '13020190299', 'Muhammad Nabin Azrab Tahir', 'A6', 'Teknik Informatika'),
(6255, '13020190288', 'Muh Husnard Magfirah', 'A6', 'Teknik Informatika'),
(6256, '13020190318', 'Muh.Fatwa', 'A6', 'Teknik Informatika'),
(6257, '13020190283', 'Muh. Haerul Akbar', 'A6', 'Teknik Informatika'),
(6258, '13020190320', 'Achmad zulfajri', 'A6', 'Teknik Informatika'),
(6259, '13020190328', 'Muhammad Ismail Taufiq', 'A6', 'Teknik Informatika'),
(6260, '13020190276', 'Aswar', 'A6', 'Teknik Informatika'),
(6261, '13020190314', 'Muhammad Farhan Iqbal', 'A6', 'Teknik Informatika'),
(6262, '13020190315', 'Absar Sabri', 'A6', 'Teknik Informatika'),
(6263, '13020190286', 'Muhammad Nur Firdaus', 'A6', 'Teknik Informatika'),
(6264, '13020190308', 'Sultan Nur Salim', 'A6', 'Teknik Informatika'),
(6265, '13020190300', 'Muhammad Aksal Alshal N', 'A6', 'Teknik Informatika'),
(6266, '13020190274', 'Aliefian Raflisyah Putrama', 'A6', 'Teknik Informatika'),
(6267, '13020190312', 'Alil Alfin', 'A6', 'Teknik Informatika'),
(6268, '13020190305', 'Muh. Radjil Gufran B.', 'A6', 'Teknik Informatika'),
(6269, '13020190289', 'Muhammad Nur Ichsan Patahillah N', 'A6', 'Teknik Informatika'),
(6270, '13020190310', 'Dharagutnithabaraniluna', 'A6', 'Teknik Informatika'),
(6271, '13020190313', 'Arief Rahman Mamonto', 'A6', 'Teknik Informatika'),
(6272, '13020190279', 'Muh.Asriansyah M', 'A6', 'Teknik Informatika'),
(6273, '13020190309', 'Ginola Farhan', 'A6', 'Teknik Informatika'),
(6274, '13020190321', 'Syarif hidayah', 'A6', 'Teknik Informatika'),
(6275, '13020190290', 'Muh. Aditya Faturrahman', 'A6', 'Teknik Informatika'),
(6276, '13020190350', 'Firman Aldi Sitaba', 'A7', 'Teknik Informatika'),
(6277, '13020190333', 'Rachmat Supardi', 'A7', 'Teknik Informatika'),
(6278, '13020190363', 'Muh. Awal Arifin', 'A7', 'Teknik Informatika'),
(6280, '13020190373', 'Muh.Fajri Rizki Ansyari', 'A7', 'Teknik Informatika'),
(6281, '13020190368', 'Muh. Arsyil Karimi', 'A7', 'Teknik Informatika'),
(6282, '13020190365', 'Roesman Ridwan Raja', 'A7', 'Teknik Informatika'),
(6283, '13020190332', 'Zul Fadly', 'A7', 'Teknik Informatika'),
(6284, '13020190348', 'Nur taufiqurrahman', 'A7', 'Teknik Informatika'),
(6285, '13020190375', 'Roufur Rohim', 'A7', 'Teknik Informatika'),
(6286, '13020190338', 'Muhammad Alifnun', 'A7', 'Teknik Informatika'),
(6287, '13020190371', 'Eka Arman', 'A7', 'Teknik Informatika'),
(6288, '13020190353', 'Muh yusril', 'A7', 'Teknik Informatika'),
(6289, '13020190352', 'Frimayudhi', 'A7', 'Teknik Informatika'),
(6290, '13020190347', 'Muhammad Fatwa Azis', 'A7', 'Teknik Informatika'),
(6291, '13020190337', 'Andi Syahrizal Al Azahra', 'A7', 'Teknik Informatika'),
(6292, '13020190356', 'Asmaul Husna', 'A7', 'Teknik Informatika'),
(6293, '13020190354', 'Muhamad Sidik (Ketua Tingkat)', 'A7', 'Teknik Informatika'),
(6294, '13020190359', 'Muh Fikri', 'A7', 'Teknik Informatika'),
(6295, '13020190340', 'Muh Agung wirawan', 'A7', 'Teknik Informatika'),
(6296, '13020180002', 'Muh. Akbar Ghazaly', 'A1', 'Teknik Informatika'),
(6297, '13020180005', 'Andi Muhammad Ridhal A.', 'A1', 'Teknik Informatika'),
(6298, '13020180007', 'Aslam Arifin', 'A1', 'Teknik Informatika'),
(6299, '13020180008', 'Fachry H R Marasabessy', 'A1', 'Teknik Informatika'),
(6300, '13020180009', 'Muh Goffarsyah Hasal', 'A1', 'Teknik Informatika'),
(6301, '13020180016', 'Muhammad Alif Irsan', 'A1', 'Teknik Informatika'),
(6302, '13020180011', 'Achrul Abdullah', 'A1', 'Teknik Informatika'),
(6303, '13020180021', 'Muhammad Satriagung', 'A1', 'Teknik Informatika'),
(6304, '13020180036', 'Rahmat Riyadi', 'A1', 'Teknik Informatika'),
(6305, '13020180017', 'Syahrul', 'A1', 'Teknik Informatika'),
(6306, '13020180039', 'Achmad Novanto C.S', 'A1', 'Teknik Informatika'),
(6307, '13020180031', 'M. Iqbal Iskandar', 'A1', 'Teknik Informatika'),
(6308, '13020180023', 'Firman Iriansyah Putra', 'A1', 'Teknik Informatika'),
(6309, '13020180034', 'Awal Pradinata', 'A1', 'Teknik Informatika'),
(6310, '13020180035', 'Candra Irawan', 'A1', 'Teknik Informatika'),
(6311, '13020180026', 'Irwansyah', 'A1', 'Teknik Informatika'),
(6312, '13020180029', 'Saparuddin', 'A1', 'Teknik Informatika'),
(6315, '13020180109', 'Ainun Andi Mattangkilang', 'A3', 'Teknik Informatika'),
(6316, '13020180107', 'Syahfrialief', 'A3', 'Teknik Informatika'),
(6317, '13020180095', 'Mifthahul Akhyar', 'A3', 'Teknik Informatika'),
(6318, '13020180119', 'Abd. Isnan Fahrial Sinusi', 'A3', 'Teknik Informatika'),
(6319, '13020180090', 'Muhammad Zainuddin', 'A3', 'Teknik Informatika'),
(6320, '13020180105', 'Apriady Dwi Rezky Murdjana', 'A3', 'Teknik Informatika'),
(6321, '13020180113', 'Nur Aslam Setiawan Asri', 'A3', 'Teknik Informatika'),
(6322, '13020180110', 'Musakkir M.', 'A3', 'Teknik Informatika'),
(6323, '13020180111', 'A.Afdal Azhari', 'A3', 'Teknik Informatika'),
(6324, '13020180103', 'Samsul', 'A3', 'Teknik Informatika'),
(6325, '13020180088', 'Muh Harjuna Dwi Saputra Singgas', 'A3', 'Teknik Informatika'),
(6326, '13020180102', 'Muhammad Fatwa Hazjuang', 'A3', 'Teknik Informatika'),
(6327, '13020180087', 'Muh Fajar Mawir', 'A3', 'Teknik Informatika'),
(6328, '13020180112', 'A.Ahmad Jauhary Zaenal', 'A3', 'Teknik Informatika'),
(6329, '13020180124', 'Idris Marasabessy', 'A3', 'Teknik Informatika'),
(6330, '13020180083', 'Abdullah Malik Al Mulqy', 'A3', 'Teknik Informatika'),
(6331, '13020180115', 'Fadel Muhammad Syam', 'A3', 'Teknik Informatika'),
(6332, '13020180209', 'Hadi Yusuf', 'A6', 'Teknik Informatika'),
(6333, '13020180208', 'Muhammad Aqil Amin', 'A6', 'Teknik Informatika'),
(6334, '13020180232', 'Muh Idris', 'A6', 'Teknik Informatika'),
(6335, '13020180244', 'Muh. Taufik Hidayat', 'A6', 'Teknik Informatika'),
(6336, '13020180221', 'Yayan Priyoga Ansory', 'A6', 'Teknik Informatika'),
(6337, '13020180243', 'Muh. Ikhwanul', 'A6', 'Teknik Informatika'),
(6338, '13020180206', 'Muh Taufik', 'A6', 'Teknik Informatika'),
(6339, '13020180219', 'Muhammad Ian Kurniawan', 'A6', 'Teknik Informatika'),
(6341, '13020180211', 'Muh Farhan Pratama', 'A6', 'Teknik Informatika'),
(6343, '13020180214', 'Adhe Ibra Poborsky', 'A6', 'Teknik Informatika'),
(6344, '13020180212', 'Hariadi Suwandi', 'A6', 'Teknik Informatika'),
(6345, '13020180242', 'Achmad Farid Aldin', 'A6', 'Teknik Informatika'),
(6346, '13020180228', 'Fahmi Adil Wibawa', 'A6', 'Teknik Informatika'),
(6347, '13020180220', 'Muhammad Zulfadly HM', 'A6', 'Teknik Informatika'),
(6348, '13020180226', 'Alwi Jaya', 'A6', 'Teknik Informatika'),
(6349, '13020180310', 'Muhammad Taufan Adi Nugraha', 'A8', 'Teknik Informatika'),
(6350, '13020180314', 'Kurniawan Dwi Agustianto', 'A8', 'Teknik Informatika'),
(6351, '13020180290', 'Azhari Friansyah', 'A8', 'Teknik Informatika'),
(6352, '13020180317', 'Muhammad Nur Adil', 'A8', 'Teknik Informatika'),
(6353, '13020180294', 'Achmad Suyudi Amiruddin', 'A8', 'Teknik Informatika'),
(6354, '13020180296', 'Bintang Anugrah', 'A8', 'Teknik Informatika'),
(6355, '13020180300', 'Muhammad Fadhly Amiruddin', 'A8', 'Teknik Informatika'),
(6356, '13020180309', 'Laode Husain Abdullah', 'A8', 'Teknik Informatika'),
(6357, '13020180318', 'Habib Putra', 'A8', 'Teknik Informatika'),
(6358, '1302180306', 'Reskyanto Rasyid', 'A8', 'Teknik Informatika'),
(6359, '13020180303', 'Syahban Nurhadi', 'A8', 'Teknik Informatika'),
(6360, '13020180287', 'Farid Achsan Mochtar', 'A8', 'Teknik Informatika'),
(6361, '13020170320', 'Ajis ahmad setiadi', 'A8', 'Teknik Informatika'),
(6362, '13020180299', 'Muh.Ardiansyah Nugraha', 'A8', 'Teknik Informatika'),
(6363, '13020180293', 'Syaipul Hidayat', 'A8', 'Teknik Informatika'),
(6364, '13020180288', 'Zulvian', 'A8', 'Teknik Informatika'),
(6365, '13020180286', 'Muhammad Arham Aras', 'A8', 'Teknik Informatika'),
(6366, '13020180325', 'Muhammad Fajar', 'A8', 'Teknik Informatika'),
(6367, '13020180313', 'Muh. Rizaldi Sahari', 'A8', 'Teknik Informatika'),
(6368, '13020190419', 'Muh. Haddad Polanagau', 'A8', 'Teknik Informatika'),
(6369, '13020180280', 'Fandy Afendi', 'A7', 'Teknik Informatika'),
(6370, '13020180273', 'La Ode Abdurrahman Wahid', 'A7', 'Teknik Informatika'),
(6371, '13020180263', 'Muhammad Razak fajar', 'A7', 'Teknik Informatika'),
(6372, '13020180275', 'Hendrial', 'A7', 'Teknik Informatika'),
(6373, '13020180256', 'Aditiya D. M', 'A7', 'Teknik Informatika'),
(6374, '13020180268', 'Munawir Ahmad', 'A7', 'Teknik Informatika'),
(6375, '13020180259', 'Zaqi Aulhaq', 'A7', 'Teknik Informatika'),
(6376, '13020180282', 'Aldy', 'A7', 'Teknik Informatika'),
(6377, '13020180238', 'Muhammad Ridwan Tuasikal', 'A7', 'Teknik Informatika'),
(6378, '13020180254', 'Heldi Umar', 'A7', 'Teknik Informatika'),
(6379, '13020180266', 'Wahyudin', 'A7', 'Teknik Informatika'),
(6380, '13020180255', 'Trifalsya Hamrullah', 'A7', 'Teknik Informatika'),
(6381, '13020180261', 'Muh. Faidhul Barkah', 'A7', 'Teknik Informatika'),
(6382, '13020180281', 'Baso Rizky Hamdana', 'A7', 'Teknik Informatika'),
(6383, '13020180249', 'Asrul Ashari Rajab', 'A7', 'Teknik Informatika'),
(6384, '13020180283', 'Ardhiansya Yusuf', 'A7', 'Teknik Informatika'),
(6385, '13020180285', 'Muh Irzan Kusnan', 'A7', 'Teknik Informatika'),
(6386, '13020180265', 'Asrul Badawi', 'A7', 'Teknik Informatika'),
(6387, '13020180258', 'Andi Muhammad Kemal Arif Hidayat', 'A7', 'Teknik Informatika'),
(6388, '13020180278', 'Baso Risky Saputra', 'A7', 'Teknik Informatika'),
(6389, '13020180274', 'Rasul', 'A7', 'Teknik Informatika'),
(6390, '13020180257', 'Muh. Amirul Shadiq', 'A7', 'Teknik Informatika'),
(6391, '13020180260', 'Moh. Rizal Asry Yusuf', 'A7', 'Teknik Informatika'),
(6392, '13020180359', 'Fachrizal Kadir', 'A9', 'Teknik Informatika'),
(6394, '13020180376', 'Fadli Gasali', 'A9', 'Teknik Informatika'),
(6395, '13020180328', 'Muh. Yusril Sahuti', 'A9', 'Teknik Informatika'),
(6396, '13020180388', 'Muh.Aksan', 'A9', 'Teknik Informatika'),
(6397, '13020180390', 'Andi Fausan Fahiyat', 'A9', 'Teknik Informatika'),
(6398, '13020180383', 'Fadhlul Rahman', 'A9', 'Teknik Informatika'),
(6399, '13020180356', 'Lalu Anugerah Wahyu Shafar', 'A9', 'Teknik Informatika'),
(6400, '13020180329', 'Faisal Rahareng', 'A9', 'Teknik Informatika'),
(6401, '13020180385', 'Akram Hidayat Marsawal', 'A9', 'Teknik Informatika'),
(6403, '13020180382', 'Arbi al nur', 'A9', 'Teknik Informatika'),
(6404, '13020180070', 'Sitti Halima', 'B1', 'Teknik Informatika'),
(6405, '13020180014', 'Nabilatul Rahma', 'B1', 'Teknik Informatika'),
(6406, '13020180060', 'Ita Masita', 'B1', 'Teknik Informatika'),
(6407, '13020180068', 'Athifah arsa khaerawan', 'B1', 'Teknik Informatika'),
(6408, '13020180073', 'Viranti Ramadina', 'B1', 'Teknik Informatika'),
(6412, '13020180033', 'Yeyen Arisanti', 'B1', 'Teknik Informatika'),
(6413, '13020180028', 'Fitriani Hasbullah', 'B1', 'Teknik Informatika'),
(6414, '13020180040', 'Wahyuni', 'B1', 'Teknik Informatika'),
(6415, '13020180003', 'Andi Nur Ulfa Damayanti', 'B1', 'Teknik Informatika'),
(6416, '13020180015', 'Nur Afny Mayang Oktaviani', 'B1', 'Teknik Informatika'),
(6417, '13020180074', 'Heryanti', 'B1', 'Teknik Informatika'),
(6418, '13020180012', 'sitti azyyati tajuddin', 'B1', 'Teknik Informatika'),
(6419, '13020180030', 'Nur Ainun Zulkarnain', 'B1', 'Teknik Informatika'),
(6420, '13020180006', 'Paramadina Mulya Majid', 'B1', 'Teknik Informatika'),
(6421, '13020180055', 'Bella Ariva', 'B1', 'Teknik Informatika'),
(6422, '13020180013', 'Aulia Ramadani Hamzah', 'B1', 'Teknik Informatika'),
(6423, '13020180061', 'St. Hatijah H.Ilyas', 'B1', 'Teknik Informatika'),
(6424, '13020180075', 'Ilfah Sahra', 'B1', 'Teknik Informatika'),
(6425, '13020180004', 'Nur Indah Sari', 'B1', 'Teknik Informatika'),
(6426, '13020180022', 'widya wardani', 'B1', 'Teknik Informatika'),
(6427, '13020180093', 'Arvina Yudithia Sompie', 'B2', 'Teknik Informatika'),
(6428, '13020180128', 'Resky Ayu Dewi Talasari', 'B2', 'Teknik Informatika'),
(6429, '13020180096', 'Irma Nurkhofifah M.', 'B2', 'Teknik Informatika'),
(6430, '13020180089', 'Firdayani', 'B2', 'Teknik Informatika'),
(6431, '13020180076', 'Siti Gayatri Hehanussa', 'B2', 'Teknik Informatika'),
(6432, '13020180091', 'Fadhilah Rifqi', 'B2', 'Teknik Informatika'),
(6433, '13020180125', 'Yulianti A', 'B2', 'Teknik Informatika'),
(6434, '13020180092', 'Dewi Ayu Purwati Amir', 'B2', 'Teknik Informatika'),
(6435, '13020180143', 'Jezika Anastazya', 'B2', 'Teknik Informatika'),
(6436, '13020180122', 'Amnah Kurnia', 'B2', 'Teknik Informatika'),
(6437, '13020180097', 'Nisrina Dwi Ambarwati', 'B2', 'Teknik Informatika'),
(6438, '13020180108', 'Nurwahidah', 'B2', 'Teknik Informatika'),
(6439, '13020180137', 'Karina Fitriwulandari Ilham', 'B2', 'Teknik Informatika'),
(6440, '13020180131', 'Azmi Fauziah Nur', 'B2', 'Teknik Informatika'),
(6441, '13020180120', 'Ratu Millenia Febriyanti Sam', 'B2', 'Teknik Informatika'),
(6442, '13020180138', 'Rizky Dwi Amalia', 'B2', 'Teknik Informatika'),
(6443, '13020180104', 'Siti Nursahida Imlan', 'B2', 'Teknik Informatika'),
(6444, '13020180086', 'Vani Vabriana', 'B2', 'Teknik Informatika'),
(6445, '13020180203', 'Salwa Yusuf Bachmid', 'B3', 'Teknik Informatika'),
(6446, '13020180231', 'Nurfahriza Nabila', 'B3', 'Teknik Informatika'),
(6447, '13020180172', 'Andi Tenriola Adi', 'B3', 'Teknik Informatika'),
(6448, '13020180183', 'Ridha maulidha abd.azis', 'B3', 'Teknik Informatika'),
(6449, '13020180154', 'Ayutri Wahyuni', 'B3', 'Teknik Informatika'),
(6450, '13020180198', 'Nisa Suliyana Fitri Syafi', 'B3', 'Teknik Informatika'),
(6451, '13020180197', 'Rukmiati Sapsuha', 'B3', 'Teknik Informatika'),
(6452, '13020180218', 'Mutmainnah', 'B3', 'Teknik Informatika'),
(6453, '13020180225', 'Fajriah', 'B3', 'Teknik Informatika'),
(6454, '13020180217', 'Sri Asriati Amal Mulia', 'B3', 'Teknik Informatika'),
(6455, '13020180213', 'Ikrima Zalsabila', 'B3', 'Teknik Informatika'),
(6456, '13020180164', 'Jihan Fatihah Ismiralda', 'B3', 'Teknik Informatika'),
(6457, '13020180174', 'Mutmainna', 'B3', 'Teknik Informatika'),
(6458, '13020180229', 'Balgis Ratu Ilmi', 'B3', 'Teknik Informatika'),
(6459, '13020180179', 'Nur Fadillah', 'B3', 'Teknik Informatika'),
(6460, '13020180180', 'Nur Fadiah', 'B3', 'Teknik Informatika'),
(6461, '13020180181', 'Nurwaini Situju', 'B3', 'Teknik Informatika'),
(6462, '13020180199', 'Hilma Aszahrah', 'B3', 'Teknik Informatika'),
(6463, '13020180148', 'Reggina G Ashar', 'B3', 'Teknik Informatika'),
(6464, '13020180158', 'Fitriani', 'B3', 'Teknik Informatika'),
(6465, '13020180177', 'Laura Ariska Krisnaputri', 'B3', 'Teknik Informatika'),
(6466, '13020180375', 'Irianti', 'B5', 'Teknik Informatika'),
(6467, '13020180330', 'ANI MUJAHIDAH BELO', 'B5', 'Teknik Informatika'),
(6468, '13020180324', 'Wulan Purnama Sari', 'B5', 'Teknik Informatika'),
(6469, '13020180360', 'Nursantun Karimah', 'B5', 'Teknik Informatika'),
(6470, '13020180373', 'WA ODE IRMA SAIYA', 'B5', 'Teknik Informatika'),
(6471, '13020180319', 'Faradila Ulil Syamsir', 'B5', 'Teknik Informatika'),
(6472, '13020180369', 'Erika Riski Melani', 'B5', 'Teknik Informatika'),
(6473, '13020180357', 'Putri Ayu Ulandari', 'B5', 'Teknik Informatika'),
(6474, '13020180323', 'ALIFIA PUTRI HUDAYA', 'B5', 'Teknik Informatika'),
(6475, '13020180308', 'Putri Aulia Rahmasari', 'B5', 'Teknik Informatika'),
(6476, '13020180312', 'Devi Rahmayanti', 'B5', 'Teknik Informatika'),
(6477, '13020180321', 'Fitriani Gassing', 'B5', 'Teknik Informatika'),
(6478, '13020170023', 'Rahmadin Barto', 'A1', 'Teknik Informatika'),
(6479, '13020170016', 'Herdiansyah Herman', 'A1', 'Teknik Informatika'),
(6480, '13020170019', 'Muh.Muflih Awaluddin', 'A1', 'Teknik Informatika'),
(6481, '13020170032', 'Hafiz Dahlan', 'A1', 'Teknik Informatika'),
(6482, '13020170012', 'amal israk', 'A1', 'Teknik Informatika'),
(6483, '13020170018', 'Sulfiadi', 'A1', 'Teknik Informatika'),
(6484, '13020170026', 'Fikram Fathur Rachman', 'A1', 'Teknik Informatika'),
(6485, '13020170004', 'Ihsan Ardiansyah', 'A1', 'Teknik Informatika'),
(6486, '13020170028', 'Bagus Putra Zuhudillah', 'A1', 'Teknik Informatika'),
(6487, '13020170030', 'Muhamnad Nazar Alfath', 'A1', 'Teknik Informatika'),
(6488, '13020170020', 'Muhammad Fitrah Al Hidayahtun', 'A1', 'Teknik Informatika'),
(6489, '13020170005', 'Idham aryatama', 'A1', 'Teknik Informatika'),
(6490, '13020170037', 'Ahmad Joeswanda', 'A1', 'Teknik Informatika'),
(6491, '13020170036', 'Yayan Riadi Nusman', 'A1', 'Teknik Informatika'),
(6492, '13020170273', 'Andi Hilman Agung Alashri', 'A1', 'Teknik Informatika'),
(6493, '13020170029', 'Aprisal Surya Ananda', 'A1', 'Teknik Informatika'),
(6494, '13020170017', 'Mustafa', 'A1', 'Teknik Informatika'),
(6495, '13020170031', 'ismail rusdi', 'A1', 'Teknik Informatika'),
(6496, '13020170001', 'Audi Faathirmansyah Mashar', 'A1', 'Teknik Informatika'),
(6497, '13020170034', 'Muhammad Fajrul', 'A1', 'Teknik Informatika'),
(6498, '13020170267', 'Tri Reski Anugraha', 'A1', 'Teknik Informatika'),
(6499, '13020170056', 'Aldi permana', 'A2', 'Teknik Informatika'),
(6500, '13020170039', 'Mahfuddin Mukmin', 'A2', 'Teknik Informatika'),
(6501, '13020170045', 'La Ode Rahimsyah', 'A2', 'Teknik Informatika'),
(6502, '13020170040', 'Muhammad Alwin Lapapahi', 'A2', 'Teknik Informatika'),
(6503, '13020170081', 'Muh.Akib Maghreza Salim', 'A2', 'Teknik Informatika'),
(6504, '13020170063', 'Muhammad Dwi Setyo Pangestu', 'A2', 'Teknik Informatika'),
(6505, '13020170075', 'Muhammad Fachry', 'A2', 'Teknik Informatika'),
(6506, '13020170046', 'Zulfadlil Ridhatul Habsyuri', 'A2', 'Teknik Informatika'),
(6507, '13020170054', 'Muhammad Fahmi Ayyub', 'A2', 'Teknik Informatika'),
(6508, '13020170076', 'Abdul Hakim Assari', 'A2', 'Teknik Informatika'),
(6509, '13020170059', 'Zulkifli', 'A2', 'Teknik Informatika'),
(6510, '13020170060', 'Muh. Abshar Ma\'ruf Patobboi', 'A2', 'Teknik Informatika'),
(6511, '13020170051', 'Muhammad Nurhidayat A.Ms', 'A2', 'Teknik Informatika'),
(6512, '13020170066', 'ahmad umar', 'A2', 'Teknik Informatika'),
(6513, '13020170068', 'Muhammad Rezki', 'A2', 'Teknik Informatika'),
(6514, '13020170073', 'Fadzlul Rahman Hamja', 'A2', 'Teknik Informatika'),
(6515, '13020170069', 'ZULFAHMI', 'A2', 'Teknik Informatika'),
(6516, '13020170070', 'Agung. R', 'A2', 'Teknik Informatika'),
(6517, '13020170067', 'Andi Fajri', 'A2', 'Teknik Informatika'),
(6518, '13020170053', 'Mahmuddin', 'A2', 'Teknik Informatika'),
(6519, '13020170082', 'A. Taufiq Hidayat', 'A2', 'Teknik Informatika'),
(6520, '13020170173', 'Ahmad faisal', 'A5', 'Teknik Informatika'),
(6521, '13020170193', 'jumardi', 'A5', 'Teknik Informatika'),
(6522, '13020170213', 'Abdul Husra Haira Islami', 'A5', 'Teknik Informatika'),
(6523, '13020170223', 'Ridwan suhair anwar', 'A5', 'Teknik Informatika'),
(6524, '13020170215', 'Abdul Kadir', 'A5', 'Teknik Informatika'),
(6525, '13020170208', 'Muh. Afdal Maulana Said', 'A5', 'Teknik Informatika'),
(6526, '13020170194', 'Muhammad Bahrul Hayat', 'A5', 'Teknik Informatika'),
(6527, '13020170219', 'Andi Ichlasul Amal', 'A5', 'Teknik Informatika'),
(6528, '13020170214', 'Yudha Islami Sulistya', 'A5', 'Teknik Informatika'),
(6529, '13020170244', 'REZA', 'A6', 'Teknik Informatika'),
(6530, '13020170176', 'Andhika Pratama Dermawan', 'A5', 'Teknik Informatika'),
(6531, '13020170207', 'M. Kurniawan Al qadri', 'A5', 'Teknik Informatika'),
(6532, '13020170209', 'Afif Saifuddin', 'A5', 'Teknik Informatika'),
(6534, '13020170206', 'Muh. Aldi Gusti Arieska', 'A5', 'Teknik Informatika'),
(6535, '13020170202', 'muh nur fajri d', 'A5', 'Teknik Informatika'),
(6536, '13020170226', 'Ismail', 'A6', 'Teknik Informatika'),
(6537, '13020170241', 'Abd Wahid Syamsir', 'A6', 'Teknik Informatika'),
(6538, '13020170242', 'Muhtar', 'A6', 'Teknik Informatika'),
(6539, '13020170253', 'Fajri', 'A6', 'Teknik Informatika'),
(6540, '13020170275', 'Busti Rahmat Wahidin (PA: Ibu Harlinda L. MH., S.Kom.,M.M.,M.Kom.', 'A6', 'Teknik Informatika'),
(6541, '13020170035', 'Rasty Permata Sari R.', 'B1', 'Teknik Informatika'),
(6542, '13020170050', 'Andi Kisna Tangkelangi', 'B1', 'Teknik Informatika'),
(6543, '13020170010', 'Nur Asri Ainun Gani', 'B1', 'Teknik Informatika'),
(6544, '13020170071', 'Faradibah Rabiatuladawiyah', 'B1', 'Teknik Informatika'),
(6545, '13020170057', 'Nurhafifah Aurorah', 'B1', 'Teknik Informatika'),
(6546, '13020170064', 'Rizki Fitriani', 'B1', 'Teknik Informatika'),
(6547, '13020170072', 'Diatry Ainun Sari. S', 'B1', 'Teknik Informatika'),
(6548, '13020170074', 'Fifi Astuti', 'B1', 'Teknik Informatika'),
(6549, '13020170065', 'Nuramanah', 'B1', 'Teknik Informatika'),
(6550, '13020170011', 'Khofifa Nur Purnamasari', 'B1', 'Teknik Informatika'),
(6551, '13020170044', 'Nur Rahmadani', 'B1', 'Teknik Informatika'),
(6552, '13020170033', 'Cikita Amalia Hasbi', 'B1', 'Teknik Informatika'),
(6553, '13020170009', 'Ninda', 'B1', 'Teknik Informatika'),
(6554, '13020170041', 'Anita', 'B1', 'Teknik Informatika'),
(6555, '13020170048', 'Lenni Febrianti', 'B1', 'Teknik Informatika'),
(6556, '13020170043', 'Anggi Tri Putri Arasandy', 'B1', 'Teknik Informatika'),
(6557, '13020170100', 'Waode Riska Damayanti', 'B2', 'Teknik Informatika'),
(6558, '13020170079', 'A. Firza Tenri Oja', 'B2', 'Teknik Informatika'),
(6559, '13020170078', 'Nara Maizarah (Ketua Kelas/Keti)', 'B2', 'Teknik Informatika'),
(6560, '13020170080', 'Atma Atika', 'B2', 'Teknik Informatika'),
(6561, '13020170090', 'Nurfadilla', 'B2', 'Teknik Informatika'),
(6562, '13020170112', 'Andi Maulida Argina', 'B2', 'Teknik Informatika'),
(6563, '13020170118', 'Anisatul Humairah', 'B2', 'Teknik Informatika'),
(6564, '13020170084', 'Fitriani', 'B2', 'Teknik Informatika'),
(6565, '13020170111', 'Yusrina Mukhlis', 'B2', 'Teknik Informatika'),
(6566, '13020170102', 'Suci Rahmadani', 'B2', 'Teknik Informatika'),
(6567, '13020170091', 'Putri Aulia', 'B2', 'Teknik Informatika'),
(6568, '13020170113', 'Ericha Apriliyani', 'B2', 'Teknik Informatika'),
(6569, '13020170095', 'Nuraliah', 'B2', 'Teknik Informatika'),
(6570, '13020170097', 'Nur Hijriani. Z', 'B2', 'Teknik Informatika'),
(6571, '13020170114', 'Richa Srianti', 'B2', 'Teknik Informatika'),
(6572, '13020170106', 'Elsa Wilyasari', 'B2', 'Teknik Informatika'),
(6573, '13020170109', 'Hairiyah Kasim', 'B2', 'Teknik Informatika'),
(6574, '13020170092', 'Asma Ul Husna Syam', 'B2', 'Teknik Informatika'),
(6575, '13020170180', 'Nurmujaddidah (Ketua Kelas/Keti)', 'B3', 'Teknik Informatika'),
(6576, '13020170167', 'Fitria Syam', 'B3', 'Teknik Informatika'),
(6577, '13020170155', 'WD. Hikmatun Nazila', 'B3', 'Teknik Informatika'),
(6578, '13020170142', 'Nurul Husna', 'B3', 'Teknik Informatika'),
(6579, '13020170168', 'Mulia Nur Kencana', 'B3', 'Teknik Informatika'),
(6580, '13020170178', 'Annisa', 'B3', 'Teknik Informatika'),
(6581, '13020170157', 'Yuni Deffianie Yusuf', 'B3', 'Teknik Informatika'),
(6582, '13020170182', 'St. Nurul Latifah Khaidir', 'B3', 'Teknik Informatika'),
(6583, '13020170123', 'Andi Muchlisa Rezky Aulia', 'B3', 'Teknik Informatika'),
(6584, '13020170179', 'Mashita Priyanka', 'B3', 'Teknik Informatika'),
(6585, '13020170183', 'Sri Megawati', 'B3', 'Teknik Informatika'),
(6586, '13020170175', 'Hasnita', 'B3', 'Teknik Informatika'),
(6587, '13020170174', 'Mulyanul Ilmi Mashur', 'B3', 'Teknik Informatika'),
(6588, '13020170156', 'Kasmira', 'B3', 'Teknik Informatika'),
(6589, '13020170141', 'Arma Yulia Arbis', 'B3', 'Teknik Informatika'),
(6590, '13020170181', 'Evi Inriani', 'B3', 'Teknik Informatika'),
(6591, '13020170153', 'Fadila Darwis', 'B3', 'Teknik Informatika'),
(6592, '13020170128', 'Andi Tenri Ita Maharani', 'B3', 'Teknik Informatika'),
(6593, '13020170124', 'Novi Yanti Sangaji', 'B3', 'Teknik Informatika'),
(6594, '13020170166', 'Aliyah Nazirah', 'B3', 'Teknik Informatika'),
(6595, '13020170148', 'Rizky Afrialita.S', 'B3', 'Teknik Informatika'),
(6596, '13020170195', 'Nurul A\'ayunnisa', 'B4', 'Teknik Informatika'),
(6597, '13020170250', 'Ira Nurjanah', 'B4', 'Teknik Informatika'),
(6598, '13020170234', 'Syafira Ainy Husniar', 'B4', 'Teknik Informatika'),
(6599, '13020170218', 'Astri Gita Yusuf', 'B4', 'Teknik Informatika'),
(6600, '13020170191', 'Nur Anugerah', 'B4', 'Teknik Informatika'),
(6601, '13020170212', 'Alifah Rahmayani', 'B4', 'Teknik Informatika'),
(6602, '13020170220', 'Widya Novianti', 'B4', 'Teknik Informatika'),
(6603, '13020170238', 'St. Fajriah Fattah', 'B4', 'Teknik Informatika'),
(6604, '13020170185', 'Nurul Fitriani', 'B4', 'Teknik Informatika'),
(6605, '13020170187', 'Satma (Ketua Tingkat)', 'B4', 'Teknik Informatika'),
(6606, '13020170188', 'Dewi Cahyanti', 'B4', 'Teknik Informatika'),
(6607, '13020170196', 'Andi Noer Elisa Furqani', 'B4', 'Teknik Informatika'),
(6608, '13020170199', 'Erni', 'B4', 'Teknik Informatika'),
(6609, '13020170200', 'Masdawati', 'B4', 'Teknik Informatika'),
(6610, '13020170201', 'Anggi Melytha Dhamayanti', 'B4', 'Teknik Informatika'),
(6611, '13020170251', 'Nurfajriana', 'B4', 'Teknik Informatika'),
(6612, '13020170233', 'Tiwi Anjarani', 'B4', 'Teknik Informatika'),
(6613, '13020170257', 'Khairunisa Arsyad', 'B4', 'Teknik Informatika'),
(6614, '13020170255', 'Amaliah Chindy Sarunggaga', 'B4', 'Teknik Informatika'),
(6615, '13020170276', 'Nurul Anizah', 'B4', 'Teknik Informatika'),
(6616, '13020170189', 'Nur Afrilianti', 'B4', 'Teknik Informatika'),
(6618, '13020170117', 'Muhammad Akbar Nur', 'A3', 'Teknik Informatika'),
(6619, '13020170132', 'Muhammad Ashraf', 'A3', 'Teknik Informatika'),
(6620, '13020170085', 'Ahmad ghiffari ramadhan', 'A3', 'Teknik Informatika'),
(6621, '13020170130', 'Fikratullah Nugraha Rusli', 'A3', 'Teknik Informatika'),
(6622, '13020170121', 'Alamsyah (Ketua Tingkat)', 'A3', 'Teknik Informatika'),
(6623, '13020170116', 'Ikhasul Amal Alfarizi', 'A3', 'Teknik Informatika'),
(6624, '13020170098', 'Muhammad Rafli Zuhri', 'A3', 'Teknik Informatika'),
(6625, '13020170083', 'M.Rildan Nugraha Putra Marsaman', 'A3', 'Teknik Informatika'),
(6626, '13020170119', 'Andi Fachriansyah Dwipangga', 'A3', 'Teknik Informatika'),
(6627, '13020170122', 'Taufiq', 'A3', 'Teknik Informatika'),
(6628, '13020170125', 'Winarto Surachmad A.', 'A3', 'Teknik Informatika'),
(6629, '13020170110', 'Muhammad Yusuf Alim', 'A3', 'Teknik Informatika'),
(6630, '13020170129', 'Muhammad Syukry', 'A3', 'Teknik Informatika'),
(6631, '13020170104', 'Muh. Fahmi Mubarak', 'A3', 'Teknik Informatika'),
(6632, '13020170089', 'Reksy Pangestu', 'A3', 'Teknik Informatika'),
(6633, '13020170087', 'Moh.Graldi Tuhuteru', 'A3', 'Teknik Informatika'),
(6634, '13020170108', 'Muhammad Rifky Reflian S.', 'A3', 'Teknik Informatika'),
(6635, '13020170101', 'Fachril Firmansyah Basri', 'A3', 'Teknik Informatika'),
(6637, '13020170086', 'Feby Febriansyah', 'A3', 'Teknik Informatika'),
(6638, '13020170107', 'Rahman', 'A3', 'Teknik Informatika'),
(6639, '13020170096', 'La Saiman', 'A3', 'Teknik Informatika'),
(6640, '13020170120', 'Muh. Syahrir', 'A3', 'Teknik Informatika'),
(6641, '13020170265', 'Hadlian Rilo Prabowo', 'A3', 'Teknik Informatika'),
(6642, '13020170138', 'adefirmansyah', 'A4', 'Teknik Informatika'),
(6643, '13020170151', 'Iman Tauhid AM', 'A4', 'Teknik Informatika'),
(6644, '13020170163', 'Dandy Maulana', 'A4', 'Teknik Informatika'),
(6645, '13020170133', 'Muhammad Firdaus banjar', 'A4', 'Teknik Informatika'),
(6646, '13020170146', 'M Ikraam Ar Razaaq', 'A4', 'Teknik Informatika'),
(6647, '13020170165', 'Muhammad Yasin Madaul', 'A4', 'Teknik Informatika'),
(6648, '13020170169', 'Ari Bayu Saputra', 'A4', 'Teknik Informatika'),
(6649, '13020170149', 'Muh. Aswar', 'A4', 'Teknik Informatika'),
(6650, '13020170147', 'Reza Nursatya Agus', 'A4', 'Teknik Informatika'),
(6651, '13020170160', 'Muhammad Azwar Annas', 'A4', 'Teknik Informatika'),
(6652, '13020170140', 'Muhammad fahrul', 'A4', 'Teknik Informatika'),
(6653, '13020170145', 'Arfan Nur', 'A4', 'Teknik Informatika'),
(6654, '13020170164', 'Taufik Baharsyah', 'A4', 'Teknik Informatika'),
(6655, '13020160007', 'Muhammad Ardiansyah Muktadir Gasba', 'A1', 'Teknik Informatika'),
(6656, '13020160015', 'Abdul Alfan Suri Tarif', 'A1', 'Teknik Informatika'),
(6657, '13020160040', 'Furqaan Ismail', 'A1', 'Teknik Informatika'),
(6658, '13020160282', 'rikki agraha', 'A1', 'Teknik Informatika'),
(6659, '13020160036', 'Muhammad Al Mubaraq', 'A1', 'Teknik Informatika'),
(6660, '13020160035', 'Aditya Nugraha', 'A1', 'Teknik Informatika'),
(6661, '13020160025', 'Moh Zulfitrah', 'A1', 'Teknik Informatika'),
(6662, '13020160024', 'Muhammad Alif Mubarak B', 'A1', 'Teknik Informatika'),
(6663, '13020160027', 'Rahmat Arifandy', 'A1', 'Teknik Informatika'),
(6664, '13020160009', 'Muh Fikri A Hada', 'A1', 'Teknik Informatika'),
(6665, '13020160018', 'Andy Aprianto', 'A1', 'Teknik Informatika'),
(6666, '13020160029', 'Wahyu Iriansyah Sopamena', 'A1', 'Teknik Informatika'),
(6667, '13020160012', 'ARIANTO', 'A1', 'Teknik Informatika'),
(6668, '13020160017', 'SYAFIUDDIN SURIMAN', 'A1', 'Teknik Informatika'),
(6669, '13020160023', 'SUTRISNO', 'A1', 'Teknik Informatika'),
(6670, '13020160010', 'Muh. Faisal', 'A1', 'Teknik Informatika'),
(6671, '13020160002', 'Ahmad Ramadhan', 'A1', 'Teknik Informatika'),
(6672, '13020160032', 'Asrul Irianto', 'A1', 'Teknik Informatika'),
(6673, '13020160038', 'Fajar Dewantoro Asri Putra', 'A1', 'Teknik Informatika'),
(6674, '13020160031', 'Teguh Firmansyah', 'A1', 'Teknik Informatika'),
(6675, '13020160033', 'Agam Sujana', 'A1', 'Teknik Informatika'),
(6676, '13020160077', 'Muhammad Az zarqani Adzim', 'A2', 'Teknik Informatika'),
(6677, '13020160076', 'Asyahrul Mubarak', 'A2', 'Teknik Informatika'),
(6678, '13020160062', 'Subhan Ardhiman', 'A2', 'Teknik Informatika'),
(6679, '13020160083', 'Naharuddin', 'A2', 'Teknik Informatika'),
(6680, '13020160074', 'Zulihsan R', 'A2', 'Teknik Informatika'),
(6683, '13020160063', 'ALRIADI TRY PUTRA', 'A2', 'Teknik Informatika'),
(6684, '13020160078', 'MUH. PANCA RAMADHAN', 'A2', 'Teknik Informatika'),
(6685, '13020160153', 'MUH. IDRIS', 'A2', 'Teknik Informatika'),
(6686, '13020160085', 'Ramadhan Sarabiti', 'A2', 'Teknik Informatika'),
(6687, '13020160068', 'Zaenal', 'A2', 'Teknik Informatika'),
(6688, '13020160046', 'Andhyka Dwitama Lapian', 'A2', 'Teknik Informatika'),
(6689, '13020160050', 'Muliyadi B', 'A2', 'Teknik Informatika'),
(6690, '13020160042', 'Andi Ghalib Muh Dziualhaq', 'A2', 'Teknik Informatika'),
(6691, '13020160044', 'Andi Muhammad Alishar I', 'A2', 'Teknik Informatika'),
(6692, '13020160072', 'Andi Muhammad Arham', 'A2', 'Teknik Informatika'),
(6693, '13020160058', 'Muhammad Alfian Ramadhan', 'A2', 'Teknik Informatika'),
(6694, '13020160073', 'Muhammad Akbar', 'A2', 'Teknik Informatika'),
(6695, '13020160057', 'Muhammad Adam', 'A2', 'Teknik Informatika'),
(6696, '13020160092', 'Muh. Asrul Sani', 'A3', 'Teknik Informatika'),
(6697, '13020160094', 'Alwi', 'A3', 'Teknik Informatika'),
(6698, '13020160105', 'Firman Shantyabudi', 'A3', 'Teknik Informatika'),
(6699, '13020160113', 'Muhammad Yahya', 'A3', 'Teknik Informatika'),
(6700, '13020160095', 'Aydil Akbar Zam', 'A3', 'Teknik Informatika'),
(6701, '13020160103', 'Andi Alfian Pratama Putra', 'A3', 'Teknik Informatika'),
(6702, '13020160112', 'M. Fikri Fauzan', 'A3', 'Teknik Informatika'),
(6703, '13020160090', 'Fatwahadi Ilham Pamungkas', 'A3', 'Teknik Informatika'),
(6704, '13020160116', 'Wikarsa Hamdany', 'A3', 'Teknik Informatika'),
(6705, '13020160119', 'Adi Renaldi', 'A3', 'Teknik Informatika'),
(6706, '13020160102', 'Ibnu Hajar', 'A3', 'Teknik Informatika'),
(6707, '13020160109', 'Arief Rachmansyah', 'A3', 'Teknik Informatika'),
(6708, '13020160096', 'Yudha Nugraha Syailendra', 'A3', 'Teknik Informatika'),
(6709, '13020160093', 'Hasan Sukriawan', 'A3', 'Teknik Informatika'),
(6710, '13020160086', 'Irfan', 'A3', 'Teknik Informatika'),
(6711, '13020160098', 'Faiz Muhammad Fauzi', 'A3', 'Teknik Informatika'),
(6712, '13020160106', 'Sarifuddin', 'A3', 'Teknik Informatika'),
(6713, '13020160', 'Muh.ismail syamsuddin', 'A3', 'Teknik Informatika'),
(6714, '13020160104', 'Muh Syawal', 'A3', 'Teknik Informatika'),
(6715, '13020160043', 'Widi Utami', 'B1', 'Teknik Informatika'),
(6716, '13020160037', 'Nurul Litha Sari', 'B1', 'Teknik Informatika'),
(6717, '13020160008', 'Syartina Elfarika Basri', 'B1', 'Teknik Informatika'),
(6718, '13020160081', 'Aisyah', 'B1', 'Teknik Informatika'),
(6719, '13020160059', 'Hasnidar S', 'B1', 'Teknik Informatika'),
(6720, '13020160084', 'Nurul Hidayah Rahman', 'B1', 'Teknik Informatika'),
(6721, '13020160049', 'Sri Mulyana A.N', 'B1', 'Teknik Informatika'),
(6722, '13020160022', 'Andi Nurul Dzulhijjah', 'B1', 'Teknik Informatika'),
(6723, '13020160069', 'Nurnadia Hijriana', 'B1', 'Teknik Informatika'),
(6724, '13020160034', 'Halimah', 'B1', 'Teknik Informatika'),
(6725, '13020160080', 'ASRIANTi', 'B1', 'Teknik Informatika'),
(6726, '13020160016', 'Rhima Maghfirah', 'B1', 'Teknik Informatika'),
(6727, '13020160001', 'Ainun RatuBulqis Amran', 'B1', 'Teknik Informatika'),
(6729, '13020160055', 'Siti Rahmadani', 'B1', 'Teknik Informatika'),
(6730, '13020160054', 'Fika Dilyani Ismail', 'B1', 'Teknik Informatika'),
(6731, '13020160028', 'Wa Ode Tanti', 'B1', 'Teknik Informatika'),
(6732, '13020160006', 'Indirawati Maulina Darwis', 'B1', 'Teknik Informatika'),
(6733, '13020160026', 'Afifah Assyahrah', 'B1', 'Teknik Informatika'),
(6734, '13020160041', 'Nurmainna', 'B1', 'Teknik Informatika'),
(6735, '13020160150', 'Justika Syaharsa', 'B2', 'Teknik Informatika'),
(6736, '13020160167', 'Nur Kulyana Ningsih', 'B2', 'Teknik Informatika'),
(6737, '13020160130', 'Fadhylah Nur Rezkyqah', 'B2', 'Teknik Informatika'),
(6738, '13020160131', 'Indah Purnamasari', 'B2', 'Teknik Informatika'),
(6739, '13020160107', 'Rina Junita Basri', 'B2', 'Teknik Informatika'),
(6740, '13020160169', 'Nurmasita Tussaddia', 'B2', 'Teknik Informatika'),
(6741, '13020160111', 'Novia Alvira Julita', 'B2', 'Teknik Informatika'),
(6742, '13020160157', 'Mila Inda Sari', 'B2', 'Teknik Informatika'),
(6743, '13020160160', 'Fina Febryana', 'B2', 'Teknik Informatika'),
(6744, '13020160168', 'Sitti Muhlisa Saputri', 'B2', 'Teknik Informatika'),
(6745, '13020160114', 'Fitrah Wahyu Ningsih', 'B2', 'Teknik Informatika'),
(6746, '13020160132', 'Masita Balla', 'B2', 'Teknik Informatika'),
(6747, '13020160101', 'Suciwianingrat.H', 'B2', 'Teknik Informatika'),
(6748, '13020160152', 'Marsvendah Fariza Mahatmi', 'B2', 'Teknik Informatika'),
(6749, '13020160089', 'Ista Elfiani', 'B2', 'Teknik Informatika'),
(6750, '13020160117', 'Mulyani', 'B2', 'Teknik Informatika'),
(6751, '13020160154', 'Ela arianti', 'B2', 'Teknik Informatika'),
(6752, '13020160133', 'Agustin Ayu Anjelia', 'B2', 'Teknik Informatika'),
(6753, '13020160115', 'Ayu Lestari', 'B2', 'Teknik Informatika'),
(6754, '13020160155', 'Nurkamilah', 'B2', 'Teknik Informatika'),
(6755, '13020160128', 'Musdalifah A.', 'B2', 'Teknik Informatika'),
(6756, '13020160127', 'Ulfa Muldyawati Asmudi', 'B2', 'Teknik Informatika'),
(6757, '13020160220', 'Nurul Zakinah', 'B3', 'Teknik Informatika'),
(6758, '13020160205', 'St. Radiatul Adawiah Abidin', 'B3', 'Teknik Informatika'),
(6759, '13020160237', 'Tri Yuliani', 'B3', 'Teknik Informatika'),
(6760, '13020160173', 'Ainul Yaqin Anjasani', 'B3', 'Teknik Informatika'),
(6761, '13020160219', 'Anisa Reski Pratiwi', 'B3', 'Teknik Informatika'),
(6762, '13020160193', 'Syahfitriani Akhpa', 'B3', 'Teknik Informatika'),
(6763, '13020160170', 'Ariyanti.DS', 'B3', 'Teknik Informatika'),
(6764, '13020160178', 'Nur Almar\' Atussaliha', 'B3', 'Teknik Informatika'),
(6765, '13020160201', 'Andi Ainun Dzariah Halim', 'B3', 'Teknik Informatika'),
(6766, '13020160194', 'Risma Hastuti', 'B3', 'Teknik Informatika'),
(6767, '13020160240', 'St. Salwa Febrianti', 'B3', 'Teknik Informatika'),
(6768, '13020160212', 'Nur Chaerunnisa', 'B3', 'Teknik Informatika'),
(6769, '13020160183', 'Iriani Indah Saputri', 'B3', 'Teknik Informatika'),
(6770, '13020160241', 'Emika N', 'B3', 'Teknik Informatika'),
(6771, '13020160213', 'Aisya', 'B3', 'Teknik Informatika'),
(6772, '13020160229', 'Hapsah', 'B3', 'Teknik Informatika'),
(6773, '13020160190', 'Nur Afra Dimitri Pratiwi', 'B3', 'Teknik Informatika'),
(6774, '13020160207', 'Nur Hikma Amir', 'B3', 'Teknik Informatika'),
(6775, '13020160197', 'Wahyuni', 'B3', 'Teknik Informatika'),
(6776, '13020160198', 'Siti Nurbaeti', 'B3', 'Teknik Informatika'),
(6777, '13020160199', 'Nurhayati Udin', 'B3', 'Teknik Informatika'),
(6778, '13020160202', 'Windy Diaztary', 'B3', 'Teknik Informatika'),
(6779, '13020160211', 'Widyas', 'B3', 'Teknik Informatika'),
(6780, '13020160245', 'Riski Amelia', 'B4', 'Teknik Informatika'),
(6781, '13020160246', 'Rifqatul Mukarramah', 'B4', 'Teknik Informatika'),
(6782, '13020160244', 'Yuliani', 'B4', 'Teknik Informatika'),
(6783, '13020160273', 'Nirmalasari', 'B4', 'Teknik Informatika'),
(6784, '13020160262', 'iwi kurnia iqbal', 'B4', 'Teknik Informatika'),
(6785, '13020160264', 'Inggrianti Pratiwi Putri', 'B4', 'Teknik Informatika'),
(6786, '13020160253', 'Melisa', 'B4', 'Teknik Informatika'),
(6787, '13020160272', 'Esy wadina wahid', 'B4', 'Teknik Informatika'),
(6789, '13020160256', 'safitri asaad', 'B4', 'Teknik Informatika'),
(6790, '13020160261', 'Ridha nur islami makkulasse', 'B4', 'Teknik Informatika'),
(6791, '13020160260', 'Fitri Widyaningsih', 'B4', 'Teknik Informatika'),
(6792, '13020160257', 'Uswatun nurul hasanah', 'B4', 'Teknik Informatika'),
(6793, '13020160243', 'Yuliana', 'B4', 'Teknik Informatika'),
(6794, '13020160255', 'Ayu Aksari', 'B4', 'Teknik Informatika'),
(6795, '13020160269', 'Afifah Nurfadilah', 'B4', 'Teknik Informatika'),
(6796, '13020160268', 'Sitti Ramlah', 'B4', 'Teknik Informatika'),
(6797, '13020160276', 'Yuliani muharmin putri', 'B4', 'Teknik Informatika'),
(6798, '13020160161', 'Muhammad Farid Zulfadly', 'A4', 'Teknik Informatika'),
(6799, '13020160147', 'Sirajuddin', 'A4', 'Teknik Informatika'),
(6800, '13020160134', 'Fery Andriawan Amrin', 'A4', 'Teknik Informatika'),
(6801, '13020160144', 'Arif Abdillah', 'A4', 'Teknik Informatika'),
(6802, '13020160163', 'Januaril Aditya Samudra', 'A4', 'Teknik Informatika'),
(6803, '13020160126', 'Muhammad Afdhal', 'A4', 'Teknik Informatika'),
(6804, '13020160141', 'A. Muhammad Adnan Rusdy', 'A4', 'Teknik Informatika'),
(6805, '13020160164', 'A.DANA PAWAREKI PADA', 'A4', 'Teknik Informatika'),
(6806, '13020160142', 'Ismail Sulaeman', 'A4', 'Teknik Informatika'),
(6807, '13020160195', 'Sulfikar', 'A5', 'Teknik Informatika'),
(6808, '13020160176', 'Hendrawan Haris', 'A5', 'Teknik Informatika'),
(6809, '13020160191', 'Akbar Tanjung', 'A5', 'Teknik Informatika'),
(6810, '13020160203', 'Herdiansya', 'A5', 'Teknik Informatika'),
(6811, '13020160177', 'Muh Asrai Taufik', 'A5', 'Teknik Informatika'),
(6812, '13020160217', 'Ade Dimas Prasetyo', 'A5', 'Teknik Informatika'),
(6813, '13020160182', 'Tawakkal', 'A5', 'Teknik Informatika'),
(6814, '13020160175', 'Ulil Amri', 'A5', 'Teknik Informatika'),
(6815, '13020160172', 'Muh. Tirta Adhyka Wahyoedi S', 'A5', 'Teknik Informatika'),
(6816, '13020160209', 'A Putra Ramadhan', 'A5', 'Teknik Informatika'),
(6817, '13020160218', 'Muhammad Dhiya Ulhaq', 'A5', 'Teknik Informatika'),
(6818, '13020160179', 'Rohid Nur', 'A5', 'Teknik Informatika'),
(6819, '13020160185', 'Tarmizi', 'A5', 'Teknik Informatika'),
(6820, '13020160248', 'Muhammad Fahrul A.', 'A6', 'Teknik Informatika'),
(6821, '1302016028', 'Anugrah Bunyadri', 'A6', 'Teknik Informatika'),
(6822, '13020160225', 'Muh Arya Arsyad', 'A6', 'Teknik Informatika'),
(6823, '13020160238', 'Suwahyudi Syarif', 'A6', 'Teknik Informatika'),
(6824, '13020160249', 'Muh. Ruryl Samdilah', 'A6', 'Teknik Informatika'),
(6825, '13020160259', 'Ryan Adryawan', 'A6', 'Teknik Informatika'),
(6826, '13020160254', 'A.M.ilham Firdaus', 'A6', 'Teknik Informatika');
INSERT INTO `mahasiswa` (`id_mahasiswa`, `nim`, `nama`, `kelas`, `jurusan`) VALUES
(6827, '13020160228', 'Pri Dwi Andika', 'A6', 'Teknik Informatika'),
(6828, '13020160275', 'Ali Ma\'sum', 'A6', 'Teknik Informatika'),
(6829, '13020160234', 'Ryan Rivaldy', 'A6', 'Teknik Informatika'),
(6830, '13020160283', 'Firmansyah hp', 'A6', 'Teknik Informatika'),
(6831, '13020160236', 'Junudin', 'A6', 'Teknik Informatika'),
(6832, '1302016022', 'Agung Triyadi', 'A6', 'Teknik Informatika'),
(6833, '13020160267', 'Fikran', 'A6', 'Teknik Informatika'),
(6834, '13020160252', 'Dzulkarnaen Zinedine S', 'A6', 'Teknik Informatika'),
(6835, '13020160265', 'Firmansyah', 'A6', 'Teknik Informatika');

-- --------------------------------------------------------

--
-- Table structure for table `mata_kuliah`
--

CREATE TABLE `mata_kuliah` (
  `id_matkul` int(11) NOT NULL,
  `kode_matkul` char(10) NOT NULL,
  `nama_matkul` varchar(100) DEFAULT NULL,
  `jurusan` varchar(100) DEFAULT NULL,
  `tahun_ajaran` enum('Ganjil','Genap') DEFAULT NULL
) ENGINE=InnoDB DEFAULT CHARSET=utf8 COLLATE=utf8_general_ci;

--
-- Dumping data for table `mata_kuliah`
--

INSERT INTO `mata_kuliah` (`id_matkul`, `kode_matkul`, `nama_matkul`, `jurusan`, `tahun_ajaran`) VALUES
(1, '1303PPA207', 'Basis Data I', 'Teknik Informatika', 'Ganjil'),
(2, '1303PPA205', 'Algoritma & Pemrograman 2', 'Teknik Informatika', 'Ganjil'),
(3, '1303KKA203', 'Elektronika Dasar', 'Teknik Informatika', 'Ganjil'),
(4, '1303KKA403', 'Pemrograman Berorientasi Objek', 'Teknik Informatika', 'Ganjil'),
(5, '1303KKA408', 'Pemrograman Web', 'Teknik Informatika', 'Ganjil'),
(6, '1303KKA407', 'Jaringan Komputer', 'Teknik Informatika', 'Ganjil'),
(7, '1', 'Algoritma dan Struktur Data', 'Sistem Informasi', 'Ganjil'),
(8, '2', 'Pemrograman Mobile', 'Sistem Informasi', 'Ganjil'),
(9, '3', 'Multimedia', 'Sistem Informasi', 'Ganjil'),
(10, '1303PPA105', 'Algoritma & Pemrograman 1', 'Teknik Informatika', 'Genap'),
(11, '1303PPA104', 'Pengantar Teknologi Informasi', 'Teknik Informatika', 'Genap'),
(12, '1303PPA302', 'Struktur Data', 'Teknik Informatika', 'Genap'),
(13, '1303PPA304', 'Basis Data II', 'Teknik Informatika', 'Genap'),
(14, '1303KKA504', 'Microcontroller', 'Teknik Informatika', 'Genap'),
(15, '1313KKB109', 'Sistem dan Teknologi Informasi', 'Sistem Informasi', 'Genap'),
(16, '1313KKB306', 'Jaringan Komputer', 'Sistem Informasi', 'Genap');

-- --------------------------------------------------------

--
-- Table structure for table `mengajar`
--

CREATE TABLE `mengajar` (
  `id_mengajar` int(11) NOT NULL,
  `id_dosen` int(11) DEFAULT NULL,
  `id_matkul` int(11) DEFAULT NULL
) ENGINE=InnoDB DEFAULT CHARSET=utf8 COLLATE=utf8_general_ci;

-- --------------------------------------------------------

--
-- Table structure for table `penilaian_frekuensi`
--

CREATE TABLE `penilaian_frekuensi` (
  `id_penilaian_frekuensi` int(11) NOT NULL,
  `id_frekuensi` int(11) NOT NULL,
  `id_mahasiswa` int(11) NOT NULL,
  `id_kehadiran` int(11) NOT NULL,
  `id_tugas` int(11) NOT NULL,
  `MID` int(3) DEFAULT NULL,
  `project` int(3) DEFAULT NULL,
  `nilai_akhir` int(3) DEFAULT NULL
) ENGINE=InnoDB DEFAULT CHARSET=utf8 COLLATE=utf8_general_ci;

-- --------------------------------------------------------

--
-- Table structure for table `tugas`
--

CREATE TABLE `tugas` (
  `id_tugas` int(11) NOT NULL,
  `tugas_1` int(3) DEFAULT NULL,
  `tugas_2` int(3) DEFAULT NULL,
  `tugas_3` int(3) DEFAULT NULL,
  `tugas_4` int(3) DEFAULT NULL,
  `tugas_5` int(3) DEFAULT NULL,
  `tugas_6` int(3) DEFAULT NULL,
  `tugas_7` int(3) DEFAULT NULL,
  `tugas_8` int(3) DEFAULT NULL
) ENGINE=InnoDB DEFAULT CHARSET=utf8 COLLATE=utf8_general_ci;

-- --------------------------------------------------------

--
-- Table structure for table `user`
--

CREATE TABLE `user` (
  `id_user` int(11) NOT NULL,
  `email` varchar(50) NOT NULL,
  `password` varchar(100) NOT NULL,
  `role` enum('admin','asisten','dosen') NOT NULL
) ENGINE=InnoDB DEFAULT CHARSET=utf8 COLLATE=utf8_general_ci;

--
-- Dumping data for table `user`
--

INSERT INTO `user` (`id_user`, `email`, `password`, `role`) VALUES
(1, 'admin@umi.ac.id', '*4ACFE3202A5FF5CF467898FC58AAB1D615029441', 'admin'),
(2, 'asisten@umi.ac.id', '*51117F55AF7589B9DD630C762EDDE8C3183873EF', 'asisten'),
(3, 'dosen@umi.ac.id', '*2E00CBB4EA2AD213A8D40B19680B8D0D81B284DA', 'dosen'),
(4, 'purwansyah@umi.ac.id', '*2E00CBB4EA2AD213A8D40B19680B8D0D81B284DA', 'dosen'),
(5, 'aulfah@umi.ac.id', '*2E00CBB4EA2AD213A8D40B19680B8D0D81B284DA', 'dosen'),
(6, 'sittirahmah@umi.ac.id', '*2E00CBB4EA2AD213A8D40B19680B8D0D81B284DA', 'dosen'),
(7, 'wistianiastuti@umi.ac.id', '*2E00CBB4EA2AD213A8D40B19680B8D0D81B284DA', 'dosen'),
(8, 'sthajrahmansyur@umi.ac.id', '*2E00CBB4EA2AD213A8D40B19680B8D0D81B284DA', 'dosen'),
(9, 'hadrianaiddas@umi.ac.id', '*2E00CBB4EA2AD213A8D40B19680B8D0D81B284DA', 'dosen'),
(10, 'muhaliyazidmude@umi.ac.id', '*2E00CBB4EA2AD213A8D40B19680B8D0D81B284DA', 'dosen'),
(11, 'syahrulmubarak@umi.ac.id', '*2E00CBB4EA2AD213A8D40B19680B8D0D81B284DA', 'dosen'),
(12, 'ramdansatra@umi.ac.id', '*2E00CBB4EA2AD213A8D40B19680B8D0D81B284DA', 'dosen'),
(13, 'ramdaniah@umi.ac.id', '*2E00CBB4EA2AD213A8D40B19680B8D0D81B284DA', 'dosen'),
(14, 'mardiyyahhasnawi@umi.ac.id', '*2E00CBB4EA2AD213A8D40B19680B8D0D81B284DA', 'dosen'),
(15, 'herdianti@umi.ac.id', '*2E00CBB4EA2AD213A8D40B19680B8D0D81B284DA', 'dosen'),
(16, 'andiwidya@umi.ac.id', '*2E00CBB4EA2AD213A8D40B19680B8D0D81B284DA', 'dosen'),
(17, 'dedyatmajaya@umi.ac.id', '*2E00CBB4EA2AD213A8D40B19680B8D0D81B284DA', 'dosen'),
(18, 'drdollyindra@umi.ac.id', '*2E00CBB4EA2AD213A8D40B19680B8D0D81B284DA', 'dosen'),
(19, 'siskaanraeni@umi.ac.id', '*2E00CBB4EA2AD213A8D40B19680B8D0D81B284DA', 'dosen'),
(20, 'erickirawadi@umi.ac.id', '*2E00CBB4EA2AD213A8D40B19680B8D0D81B284DA', 'dosen'),
(21, 'syamsulbahri@umi.ac.id', '*2E00CBB4EA2AD213A8D40B19680B8D0D81B284DA', 'dosen'),
(22, 'rosmiyani@umi.ac.id', '*2E00CBB4EA2AD213A8D40B19680B8D0D81B284DA', 'dosen'),
(23, 'ihwanaasad@umi.ac.id', '*2E00CBB4EA2AD213A8D40B19680B8D0D81B284DA', 'dosen'),
(24, 'amaliahfaradibah@umi.ac.id', '*2E00CBB4EA2AD213A8D40B19680B8D0D81B284DA', 'dosen'),
(25, 'suwitopomalingo@umi.ac.id', '*2E00CBB4EA2AD213A8D40B19680B8D0D81B284DA', 'dosen'),
(26, 'muhammadarfahas@umi.ac.id', '*2E00CBB4EA2AD213A8D40B19680B8D0D81B284DA', 'dosen'),
(27, 'fitriyaniumar@umi.ac.id', '*2E00CBB4EA2AD213A8D40B19680B8D0D81B284DA', 'dosen'),
(28, 'huzainazis@umi.ac.id', '*2E00CBB4EA2AD213A8D40B19680B8D0D81B284DA', 'dosen'),
(29, 'lutfibudiilmawan@umi.ac.id', '*2E00CBB4EA2AD213A8D40B19680B8D0D81B284DA', 'dosen'),
(30, 'abdulrachmanmanga@umi.ac.id', '*2E00CBB4EA2AD213A8D40B19680B8D0D81B284DA', 'dosen'),
(31, 'lukmansyafie@umi.ac.id', '*2E00CBB4EA2AD213A8D40B19680B8D0D81B284DA', 'dosen'),
(32, 'tasrifhasanuddin@umi.ac.id', '*2E00CBB4EA2AD213A8D40B19680B8D0D81B284DA', 'dosen'),
(33, 'herman@umi.ac.id', '*2E00CBB4EA2AD213A8D40B19680B8D0D81B284DA', 'dosen'),
(34, 'farniwatifattah@umi.ac.id', '*2E00CBB4EA2AD213A8D40B19680B8D0D81B284DA', 'dosen'),
(35, 'niakurniati@umi.ac.id', '*2E00CBB4EA2AD213A8D40B19680B8D0D81B284DA', 'dosen'),
(36, 'irawati@umi.ac.id', '*2E00CBB4EA2AD213A8D40B19680B8D0D81B284DA', 'dosen'),
(37, 'lilisnurhayati@umi.ac.id', '*2E00CBB4EA2AD213A8D40B19680B8D0D81B284DA', 'dosen'),
(38, 'dewiwidyawati@umi.ac.id', '*2E00CBB4EA2AD213A8D40B19680B8D0D81B284DA', 'dosen'),
(39, 'sugiarti@umi.ac.id', '*2E00CBB4EA2AD213A8D40B19680B8D0D81B284DA', 'dosen'),
(40, 'yulitasalim@umi.ac.id', '*2E00CBB4EA2AD213A8D40B19680B8D0D81B284DA', 'dosen'),
(41, 'hjharlindal@umi.ac.id', '*2E00CBB4EA2AD213A8D40B19680B8D0D81B284DA', 'dosen'),
(42, 'poetrilokapitasari@umi.ac.id', '*2E00CBB4EA2AD213A8D40B19680B8D0D81B284DA', 'dosen'),
(43, '13020210242@umi.ac.id', '*51117F55AF7589B9DD630C762EDDE8C3183873EF', 'asisten'),
(44, '13120210008@umi.ac.id', '*51117F55AF7589B9DD630C762EDDE8C3183873EF', 'asisten'),
(45, '13020210287@umi.ac.id', '*51117F55AF7589B9DD630C762EDDE8C3183873EF', 'asisten'),
(46, '13020210023@umi.ac.id', '*51117F55AF7589B9DD630C762EDDE8C3183873EF', 'asisten'),
(47, '13020210066@umi.ac.id', '*51117F55AF7589B9DD630C762EDDE8C3183873EF', 'asisten'),
(48, '13020210205@umi.ac.id', '*51117F55AF7589B9DD630C762EDDE8C3183873EF', 'asisten'),
(49, '13020210134@umi.ac.id', '*51117F55AF7589B9DD630C762EDDE8C3183873EF', 'asisten'),
(50, '13020210048@umi.ac.id', '*51117F55AF7589B9DD630C762EDDE8C3183873EF', 'asisten'),
(51, '13120210005@umi.ac.id', '*51117F55AF7589B9DD630C762EDDE8C3183873EF', 'asisten'),
(52, '13020200103@umi.ac.id', '*51117F55AF7589B9DD630C762EDDE8C3183873EF', 'asisten'),
(53, '13120210004@umi.ac.id', '*51117F55AF7589B9DD630C762EDDE8C3183873EF', 'asisten'),
(54, '13020200318@umi.ac.id', '*51117F55AF7589B9DD630C762EDDE8C3183873EF', 'asisten'),
(55, '13020210053@umi.ac.id', '*51117F55AF7589B9DD630C762EDDE8C3183873EF', 'asisten'),
(57, 'insert_dosen_2_edit@umi.ac.id', '*2E00CBB4EA2AD213A8D40B19680B8D0D81B284DA', 'dosen'),
(59, 'insert_email_3@umi.ac.id', '*2E00CBB4EA2AD213A8D40B19680B8D0D81B284DA', 'dosen'),
(60, 'insert_email_dosen_4@umi.ac.id', '*2E00CBB4EA2AD213A8D40B19680B8D0D81B284DA', 'dosen'),
(65, 'insert_nama_dosen_5@umi.ac.id', '*2E00CBB4EA2AD213A8D40B19680B8D0D81B284DA', 'dosen'),
(68, 'insert_email_dosen_5@umi.ac.id', '*2E00CBB4EA2AD213A8D40B19680B8D0D81B284DA', 'dosen'),
(71, 'insert_email_dosen_6@umi.ac.id', '*2E00CBB4EA2AD213A8D40B19680B8D0D81B284DA', 'dosen'),
(73, 'insert_email_dosen_8@umi.ac.id', '*2E00CBB4EA2AD213A8D40B19680B8D0D81B284DA', 'dosen'),
(74, 'inset_email_dosen_9@umi.ac.id', '*2E00CBB4EA2AD213A8D40B19680B8D0D81B284DA', 'dosen'),
(75, 'insert_email_dosen_10@umi.ac.id', '*2E00CBB4EA2AD213A8D40B19680B8D0D81B284DA', 'dosen'),
(79, 'inset_email_dosen_10@umi.ac.id', '*2E00CBB4EA2AD213A8D40B19680B8D0D81B284DA', 'dosen'),
(80, 'inset_email_dosen_11@umi.ac.id', '*2E00CBB4EA2AD213A8D40B19680B8D0D81B284DA', 'dosen'),
(89, 'awalarifin_edited@umi.ac.id', '*51117F55AF7589B9DD630C762EDDE8C3183873EF', 'asisten'),
(90, 'insert_dosen_4_edited@umi.ac.id', '*2E00CBB4EA2AD213A8D40B19680B8D0D81B284DA', 'dosen'),
(91, 'example_1@umi.ac.id', '*51117F55AF7589B9DD630C762EDDE8C3183873EF', 'asisten');

-- --------------------------------------------------------

--
-- Stand-in structure for view `vw_data_matkul_group_by_matkul_kelas`
-- (See below for the actual view)
--
CREATE TABLE `vw_data_matkul_group_by_matkul_kelas` (
`id_dosen` int(11)
,`nama_dosen` varchar(100)
,`id_matkul` int(11)
,`nama_matkul` varchar(100)
,`kelas` varchar(3)
,`total_mhs` bigint(21)
);

-- --------------------------------------------------------

--
-- Stand-in structure for view `vw_frek_data`
-- (See below for the actual view)
--
CREATE TABLE `vw_frek_data` (
`id_frekuensi` int(11)
,`kode_frekuensi` varchar(20)
,`nama_dosen` varchar(100)
,`asisten1` varchar(100)
,`asisten2` varchar(100)
,`nama_laboratorium` varchar(100)
,`nama_matkul` varchar(100)
,`kode_matkul` char(10)
,`id_matkul` int(11)
,`hari` varchar(10)
,`jam_mulai` time
,`jam_selesai` time
,`status` enum('Belum','Selesai')
);

-- --------------------------------------------------------

--
-- Structure for view `vw_data_matkul_group_by_matkul_kelas`
--
DROP TABLE IF EXISTS `vw_data_matkul_group_by_matkul_kelas`;

CREATE ALGORITHM=UNDEFINED DEFINER=`root`@`localhost` SQL SECURITY DEFINER VIEW `vw_data_matkul_group_by_matkul_kelas`  AS SELECT `dosen`.`id_dosen` AS `id_dosen`, `dosen`.`nama` AS `nama_dosen`, `mata_kuliah`.`id_matkul` AS `id_matkul`, `mata_kuliah`.`nama_matkul` AS `nama_matkul`, `kuliah`.`kelas` AS `kelas`, count(0) AS `total_mhs` FROM ((`kuliah` join `dosen` on(`dosen`.`id_dosen` = `kuliah`.`id_dosen`)) join `mata_kuliah` on(`mata_kuliah`.`id_matkul` = `kuliah`.`id_matkul`)) GROUP BY `kuliah`.`id_matkul`, `kuliah`.`kelas` ;

-- --------------------------------------------------------

--
-- Structure for view `vw_frek_data`
--
DROP TABLE IF EXISTS `vw_frek_data`;

CREATE ALGORITHM=UNDEFINED DEFINER=`root`@`localhost` SQL SECURITY DEFINER VIEW `vw_frek_data`  AS SELECT `frekuensi`.`id_frekuensi` AS `id_frekuensi`, `frekuensi`.`kode_frekuensi` AS `kode_frekuensi`, `dosen`.`nama` AS `nama_dosen`, `asisten1`.`nama` AS `asisten1`, `asisten2`.`nama` AS `asisten2`, `laboratorium`.`nama_laboratorium` AS `nama_laboratorium`, `mata_kuliah`.`nama_matkul` AS `nama_matkul`, `mata_kuliah`.`kode_matkul` AS `kode_matkul`, `mata_kuliah`.`id_matkul` AS `id_matkul`, `frekuensi`.`hari` AS `hari`, `frekuensi`.`jam_mulai` AS `jam_mulai`, `frekuensi`.`jam_selesai` AS `jam_selesai`, `frekuensi`.`status` AS `status` FROM (((((`frekuensi` join `dosen` on(`frekuensi`.`id_dosen` = `dosen`.`id_dosen`)) join `asisten` `asisten1` on(`frekuensi`.`id_asisten1` = `asisten1`.`id_asisten`)) join `asisten` `asisten2` on(`frekuensi`.`id_asisten2` = `asisten2`.`id_asisten`)) join `laboratorium` on(`frekuensi`.`id_laboratorium` = `laboratorium`.`id_laboratorium`)) join `mata_kuliah` on(`frekuensi`.`id_matkul` = `mata_kuliah`.`id_matkul`)) ;

--
-- Indexes for dumped tables
--

--
-- Indexes for table `admin`
--
ALTER TABLE `admin`
  ADD PRIMARY KEY (`id_admin`),
  ADD UNIQUE KEY `email_UNIQUE` (`email`),
  ADD KEY `fk1_admin_user_idx` (`id_user`);

--
-- Indexes for table `asisten`
--
ALTER TABLE `asisten`
  ADD PRIMARY KEY (`id_asisten`),
  ADD UNIQUE KEY `NIM_UNIQUE` (`nim`),
  ADD UNIQUE KEY `email_UNIQUE` (`email`),
  ADD KEY `fk1_asisten_user_idx` (`id_user`);

--
-- Indexes for table `dosen`
--
ALTER TABLE `dosen`
  ADD PRIMARY KEY (`id_dosen`),
  ADD UNIQUE KEY `nidn_UNIQUE` (`nidn`),
  ADD UNIQUE KEY `email_UNIQUE` (`email`),
  ADD KEY `fk1_dosen_user_idx` (`id_user`);

--
-- Indexes for table `frekuensi`
--
ALTER TABLE `frekuensi`
  ADD PRIMARY KEY (`id_frekuensi`),
  ADD UNIQUE KEY `kode_frekuensi_UNIQUE` (`kode_frekuensi`),
  ADD KEY `fk1_frekuensi_dosen_idx` (`id_dosen`),
  ADD KEY `fk2_frekuensi_asisten1_idx` (`id_asisten1`),
  ADD KEY `fk3_frekuensi_asisten2_idx` (`id_asisten2`),
  ADD KEY `fk4_laboratorium_idx` (`id_laboratorium`),
  ADD KEY `fk5_mata_kuliah_idx` (`id_matkul`);

--
-- Indexes for table `kehadiran`
--
ALTER TABLE `kehadiran`
  ADD PRIMARY KEY (`id_kehadiran`);

--
-- Indexes for table `kuliah`
--
ALTER TABLE `kuliah`
  ADD PRIMARY KEY (`id_kuliah`),
  ADD KEY `fk1_praktikum_mahasiswa_idx` (`id_mahasiswa`),
  ADD KEY `fk1_praktikum_dosen_idx` (`id_dosen`),
  ADD KEY `fk3_praktikum_matkul_idx` (`id_matkul`);

--
-- Indexes for table `laboratorium`
--
ALTER TABLE `laboratorium`
  ADD PRIMARY KEY (`id_laboratorium`);

--
-- Indexes for table `mahasiswa`
--
ALTER TABLE `mahasiswa`
  ADD PRIMARY KEY (`id_mahasiswa`),
  ADD UNIQUE KEY `nim_UNIQUE` (`nim`);

--
-- Indexes for table `mata_kuliah`
--
ALTER TABLE `mata_kuliah`
  ADD PRIMARY KEY (`id_matkul`),
  ADD UNIQUE KEY `kode_matkul_UNIQUE` (`kode_matkul`);

--
-- Indexes for table `mengajar`
--
ALTER TABLE `mengajar`
  ADD PRIMARY KEY (`id_mengajar`),
  ADD KEY `fk2_mengajar_mata_kuliah_idx` (`id_matkul`),
  ADD KEY `fk1_mengajar_dosen_idx` (`id_dosen`);

--
-- Indexes for table `penilaian_frekuensi`
--
ALTER TABLE `penilaian_frekuensi`
  ADD PRIMARY KEY (`id_penilaian_frekuensi`),
  ADD KEY `fk3_nilai_kehadiran_idx` (`id_kehadiran`),
  ADD KEY `fk4_nilai_tugas_idx` (`id_tugas`),
  ADD KEY `fk2_nilai_frekuensi_mahasiswa_idx` (`id_mahasiswa`),
  ADD KEY `fk1_nilai_frekuensi_frekuensi` (`id_frekuensi`);

--
-- Indexes for table `tugas`
--
ALTER TABLE `tugas`
  ADD PRIMARY KEY (`id_tugas`);

--
-- Indexes for table `user`
--
ALTER TABLE `user`
  ADD PRIMARY KEY (`id_user`),
  ADD UNIQUE KEY `email_UNIQUE` (`email`);

--
-- AUTO_INCREMENT for dumped tables
--

--
-- AUTO_INCREMENT for table `admin`
--
ALTER TABLE `admin`
  MODIFY `id_admin` int(11) NOT NULL AUTO_INCREMENT, AUTO_INCREMENT=2;

--
-- AUTO_INCREMENT for table `asisten`
--
ALTER TABLE `asisten`
  MODIFY `id_asisten` int(11) NOT NULL AUTO_INCREMENT, AUTO_INCREMENT=19;

--
-- AUTO_INCREMENT for table `dosen`
--
ALTER TABLE `dosen`
  MODIFY `id_dosen` int(11) NOT NULL AUTO_INCREMENT, AUTO_INCREMENT=57;

--
-- AUTO_INCREMENT for table `frekuensi`
--
ALTER TABLE `frekuensi`
  MODIFY `id_frekuensi` int(11) NOT NULL AUTO_INCREMENT, AUTO_INCREMENT=61;

--
-- AUTO_INCREMENT for table `kehadiran`
--
ALTER TABLE `kehadiran`
  MODIFY `id_kehadiran` int(11) NOT NULL AUTO_INCREMENT;

--
-- AUTO_INCREMENT for table `kuliah`
--
ALTER TABLE `kuliah`
  MODIFY `id_kuliah` int(11) NOT NULL AUTO_INCREMENT, AUTO_INCREMENT=988;

--
-- AUTO_INCREMENT for table `laboratorium`
--
ALTER TABLE `laboratorium`
  MODIFY `id_laboratorium` int(11) NOT NULL AUTO_INCREMENT, AUTO_INCREMENT=15;

--
-- AUTO_INCREMENT for table `mahasiswa`
--
ALTER TABLE `mahasiswa`
  MODIFY `id_mahasiswa` int(11) NOT NULL AUTO_INCREMENT, AUTO_INCREMENT=6836;

--
-- AUTO_INCREMENT for table `mata_kuliah`
--
ALTER TABLE `mata_kuliah`
  MODIFY `id_matkul` int(11) NOT NULL AUTO_INCREMENT, AUTO_INCREMENT=17;

--
-- AUTO_INCREMENT for table `mengajar`
--
ALTER TABLE `mengajar`
  MODIFY `id_mengajar` int(11) NOT NULL AUTO_INCREMENT;

--
-- AUTO_INCREMENT for table `penilaian_frekuensi`
--
ALTER TABLE `penilaian_frekuensi`
  MODIFY `id_penilaian_frekuensi` int(11) NOT NULL AUTO_INCREMENT;

--
-- AUTO_INCREMENT for table `tugas`
--
ALTER TABLE `tugas`
  MODIFY `id_tugas` int(11) NOT NULL AUTO_INCREMENT;

--
-- AUTO_INCREMENT for table `user`
--
ALTER TABLE `user`
  MODIFY `id_user` int(11) NOT NULL AUTO_INCREMENT, AUTO_INCREMENT=92;

--
-- Constraints for dumped tables
--

--
-- Constraints for table `admin`
--
ALTER TABLE `admin`
  ADD CONSTRAINT `fk1_admin_user` FOREIGN KEY (`id_user`) REFERENCES `user` (`id_user`) ON DELETE NO ACTION ON UPDATE NO ACTION;

--
-- Constraints for table `asisten`
--
ALTER TABLE `asisten`
  ADD CONSTRAINT `fk1_asisten_user` FOREIGN KEY (`id_user`) REFERENCES `user` (`id_user`) ON DELETE NO ACTION ON UPDATE NO ACTION;

--
-- Constraints for table `dosen`
--
ALTER TABLE `dosen`
  ADD CONSTRAINT `fk1_dosen_user` FOREIGN KEY (`id_user`) REFERENCES `user` (`id_user`) ON DELETE NO ACTION ON UPDATE NO ACTION;

--
-- Constraints for table `kuliah`
--
ALTER TABLE `kuliah`
  ADD CONSTRAINT `fk1_praktikum_mahasiswa` FOREIGN KEY (`id_mahasiswa`) REFERENCES `mahasiswa` (`id_mahasiswa`) ON DELETE NO ACTION ON UPDATE NO ACTION,
  ADD CONSTRAINT `fk2_praktikum_dosen` FOREIGN KEY (`id_dosen`) REFERENCES `dosen` (`id_dosen`) ON DELETE NO ACTION ON UPDATE NO ACTION,
  ADD CONSTRAINT `fk3_praktikum_matkul` FOREIGN KEY (`id_matkul`) REFERENCES `mata_kuliah` (`id_matkul`) ON DELETE NO ACTION ON UPDATE NO ACTION;

--
-- Constraints for table `mengajar`
--
ALTER TABLE `mengajar`
  ADD CONSTRAINT `fk1_mengajar_dosen` FOREIGN KEY (`id_dosen`) REFERENCES `dosen` (`id_dosen`) ON DELETE NO ACTION ON UPDATE NO ACTION,
  ADD CONSTRAINT `fk2_mengajar_mata_kuliah` FOREIGN KEY (`id_matkul`) REFERENCES `mata_kuliah` (`id_matkul`) ON DELETE NO ACTION ON UPDATE NO ACTION;
COMMIT;

/*!40101 SET CHARACTER_SET_CLIENT=@OLD_CHARACTER_SET_CLIENT */;
/*!40101 SET CHARACTER_SET_RESULTS=@OLD_CHARACTER_SET_RESULTS */;
/*!40101 SET COLLATION_CONNECTION=@OLD_COLLATION_CONNECTION */;
